Dec. 05, 2025 5:59:14 P.M. javafx.scene.CssStyleHelper calculateValue
WARNING: Could not resolve 'parent-width' while resolving lookups for '-fx-max-width' from inline style on Label@64e8f9fe[styleClass=label]'Vladislav Zolotukhin - 170945224'
Dec. 05, 2025 6:01:41 P.M. ca.senecapolytechnic.application.apd545project.controllers.KioskController newReservationReq
INFO: First page extraction completed
Dec. 05, 2025 6:01:41 P.M. ca.senecapolytechnic.application.apd545project.controllers.KioskController newReservationReq
INFO: Room availability validated
Dec. 05, 2025 6:01:41 P.M. ca.senecapolytechnic.application.apd545project.controllers.KioskController newReservationReq
INFO: Second page extraction completed
Dec. 05, 2025 6:01:41 P.M. ca.senecapolytechnic.application.apd545project.controllers.KioskController newReservationReq
INFO: Third page extraction completed
Dec. 05, 2025 6:01:41 P.M. ca.senecapolytechnic.application.apd545project.controllers.KioskController newReservationReq
INFO: Final page extraction completed
Dec. 05, 2025 6:01:41 P.M. ca.senecapolytechnic.application.apd545project.controllers.KioskController newReservationReq
INFO: Reservation object created: ca.senecapolytechnic.application.apd545project.utils.ReservationObj@7f7a358f
Dec. 05, 2025 6:01:42 P.M. ca.senecapolytechnic.application.apd545project.controllers.KioskController handleConfirm
INFO: Success! Reservation #7 created
Dec. 05, 2025 6:01:42 P.M. javafx.fxml.FXMLLoader$ValueElement processValue
WARNING: Loading FXML document with JavaFX API of version 24.0.1 by JavaFX runtime of version 17.0.14
Dec. 05, 2025 6:01:42 P.M. javafx.scene.CssStyleHelper calculateValue
WARNING: Could not resolve 'parent-width' while resolving lookups for '-fx-max-width' from inline style on Label@557846c4[styleClass=label]'Welcome to the Come On Inn Hotel (c) 2025 All Rights Reserved'
Dec. 05, 2025 6:01:42 P.M. javafx.scene.CssStyleHelper calculateValue
WARNING: Could not resolve 'parent-width' while resolving lookups for '-fx-max-width' from inline style on Label@557846c4[styleClass=label]'Welcome to the Come On Inn Hotel (c) 2025 All Rights Reserved'
Dec. 05, 2025 6:01:42 P.M. javafx.scene.CssStyleHelper calculateValue
WARNING: Could not resolve 'parent-width' while resolving lookups for '-fx-max-width' from inline style on Label@1249a788[styleClass=label]'Vladislav Zolotukhin - 170945224'
Dec. 05, 2025 6:01:42 P.M. javafx.scene.CssStyleHelper calculateValue
WARNING: Could not resolve 'parent-width' while resolving lookups for '-fx-max-width' from inline style on Label@557846c4[styleClass=label]'Welcome to the Come On Inn Hotel (c) 2025 All Rights Reserved'
Dec. 05, 2025 6:01:42 P.M. javafx.scene.CssStyleHelper calculateValue
WARNING: Could not resolve 'parent-width' while resolving lookups for '-fx-max-width' from inline style on Label@1249a788[styleClass=label]'Vladislav Zolotukhin - 170945224'
Dec. 05, 2025 6:01:44 P.M. javafx.fxml.FXMLLoader$ValueElement processValue
WARNING: Loading FXML document with JavaFX API of version 24.0.1 by JavaFX runtime of version 17.0.14
Dec. 05, 2025 6:01:47 P.M. ca.senecapolytechnic.application.apd545project.controllers.LoginController activateAdmin
INFO: Logged in as: admin
Dec. 05, 2025 6:01:47 P.M. ca.senecapolytechnic.application.apd545project.controllers.LoginController activateAdmin
INFO: Role: ADMIN
Dec. 05, 2025 6:01:47 P.M. javafx.fxml.FXMLLoader$ValueElement processValue
WARNING: Loading FXML document with JavaFX API of version 24.0.1 by JavaFX runtime of version 17.0.14
Dec. 05, 2025 6:01:48 P.M. javafx.scene.CssStyleHelper calculateValue
WARNING: Could not resolve 'parent-width' while resolving lookups for '-fx-max-width' from inline style on Label@109b6d89[styleClass=label]'Administrator Interface (c) 2025 All Rights Reserved'
Dec. 05, 2025 6:01:48 P.M. javafx.scene.CssStyleHelper calculateValue
WARNING: Could not resolve 'parent-width' while resolving lookups for '-fx-max-width' from inline style on Label@109b6d89[styleClass=label]'Administrator Interface (c) 2025 All Rights Reserved'
Dec. 05, 2025 6:01:48 P.M. javafx.scene.CssStyleHelper calculateValue
WARNING: Could not resolve 'parent-width' while resolving lookups for '-fx-max-width' from inline style on Label@1edd3f51[styleClass=label]'Vladislav Zolotukhin - 170945224'
Dec. 05, 2025 6:01:48 P.M. javafx.scene.CssStyleHelper calculateValue
WARNING: Could not resolve 'parent-width' while resolving lookups for '-fx-max-width' from inline style on Label@109b6d89[styleClass=label]'Administrator Interface (c) 2025 All Rights Reserved'
Dec. 05, 2025 6:01:48 P.M. javafx.scene.CssStyleHelper calculateValue
WARNING: Could not resolve 'parent-width' while resolving lookups for '-fx-max-width' from inline style on Label@1edd3f51[styleClass=label]'Vladislav Zolotukhin - 170945224'
Dec. 05, 2025 6:02:00 P.M. javafx.fxml.FXMLLoader$ValueElement processValue
WARNING: Loading FXML document with JavaFX API of version 24.0.1 by JavaFX runtime of version 17.0.14
Dec. 05, 2025 6:02:00 P.M. ca.senecapolytechnic.application.apd545project.controllers.CheckoutController applyDiscount
INFO: Discount applied
Dec. 05, 2025 6:02:03 P.M. ca.senecapolytechnic.application.apd545project.controllers.CheckoutController applyDiscount
INFO: Discount applied
Dec. 05, 2025 6:02:25 P.M. javafx.fxml.FXMLLoader$ValueElement processValue
WARNING: Loading FXML document with JavaFX API of version 24.0.1 by JavaFX runtime of version 17.0.14
Dec. 05, 2025 6:02:25 P.M. javafx.scene.CssStyleHelper calculateValue
WARNING: Could not resolve 'parent-width' while resolving lookups for '-fx-max-width' from inline style on Label@d9f2f57[styleClass=label]'Administrator Interface (c) 2025 All Rights Reserved'
Dec. 05, 2025 6:02:25 P.M. javafx.scene.CssStyleHelper calculateValue
WARNING: Could not resolve 'parent-width' while resolving lookups for '-fx-max-width' from inline style on Label@d9f2f57[styleClass=label]'Administrator Interface (c) 2025 All Rights Reserved'
Dec. 05, 2025 6:02:25 P.M. javafx.scene.CssStyleHelper calculateValue
WARNING: Could not resolve 'parent-width' while resolving lookups for '-fx-max-width' from inline style on Label@386a2419[styleClass=label]'Vladislav Zolotukhin - 170945224'
Dec. 05, 2025 6:02:25 P.M. javafx.scene.CssStyleHelper calculateValue
WARNING: Could not resolve 'parent-width' while resolving lookups for '-fx-max-width' from inline style on Label@d9f2f57[styleClass=label]'Administrator Interface (c) 2025 All Rights Reserved'
Dec. 05, 2025 6:02:25 P.M. javafx.scene.CssStyleHelper calculateValue
WARNING: Could not resolve 'parent-width' while resolving lookups for '-fx-max-width' from inline style on Label@386a2419[styleClass=label]'Vladislav Zolotukhin - 170945224'
Dec. 05, 2025 6:02:34 P.M. javafx.fxml.FXMLLoader$ValueElement processValue
WARNING: Loading FXML document with JavaFX API of version 24.0.1 by JavaFX runtime of version 17.0.14
Dec. 05, 2025 6:02:34 P.M. ca.senecapolytechnic.application.apd545project.controllers.CheckoutController applyDiscount
INFO: Discount applied
Dec. 05, 2025 6:02:36 P.M. ca.senecapolytechnic.application.apd545project.controllers.CheckoutController applyDiscount
INFO: Discount applied
Dec. 05, 2025 6:02:53 P.M. javafx.fxml.FXMLLoader$ValueElement processValue
WARNING: Loading FXML document with JavaFX API of version 24.0.1 by JavaFX runtime of version 17.0.14
Dec. 05, 2025 6:02:53 P.M. javafx.scene.CssStyleHelper calculateValue
WARNING: Could not resolve 'parent-width' while resolving lookups for '-fx-max-width' from inline style on Label@7d137d0c[styleClass=label]'Administrator Interface (c) 2025 All Rights Reserved'
Dec. 05, 2025 6:02:53 P.M. javafx.scene.CssStyleHelper calculateValue
WARNING: Could not resolve 'parent-width' while resolving lookups for '-fx-max-width' from inline style on Label@7d137d0c[styleClass=label]'Administrator Interface (c) 2025 All Rights Reserved'
Dec. 05, 2025 6:02:53 P.M. javafx.scene.CssStyleHelper calculateValue
WARNING: Could not resolve 'parent-width' while resolving lookups for '-fx-max-width' from inline style on Label@3cdab980[styleClass=label]'Vladislav Zolotukhin - 170945224'
Dec. 05, 2025 6:02:53 P.M. javafx.scene.CssStyleHelper calculateValue
WARNING: Could not resolve 'parent-width' while resolving lookups for '-fx-max-width' from inline style on Label@7d137d0c[styleClass=label]'Administrator Interface (c) 2025 All Rights Reserved'
Dec. 05, 2025 6:02:53 P.M. javafx.scene.CssStyleHelper calculateValue
WARNING: Could not resolve 'parent-width' while resolving lookups for '-fx-max-width' from inline style on Label@3cdab980[styleClass=label]'Vladislav Zolotukhin - 170945224'
Dec. 05, 2025 6:02:55 P.M. javafx.fxml.FXMLLoader$ValueElement processValue
WARNING: Loading FXML document with JavaFX API of version 24.0.1 by JavaFX runtime of version 17.0.14
Dec. 05, 2025 6:02:55 P.M. ca.senecapolytechnic.application.apd545project.controllers.CheckoutController applyDiscount
INFO: Discount applied
Dec. 05, 2025 6:03:02 P.M. javafx.fxml.FXMLLoader$ValueElement processValue
WARNING: Loading FXML document with JavaFX API of version 24.0.1 by JavaFX runtime of version 17.0.14
Dec. 05, 2025 6:03:02 P.M. javafx.scene.CssStyleHelper calculateValue
WARNING: Could not resolve 'parent-width' while resolving lookups for '-fx-max-width' from inline style on Label@9a566ba[styleClass=label]'Administrator Interface (c) 2025 All Rights Reserved'
Dec. 05, 2025 6:03:02 P.M. javafx.scene.CssStyleHelper calculateValue
WARNING: Could not resolve 'parent-width' while resolving lookups for '-fx-max-width' from inline style on Label@9a566ba[styleClass=label]'Administrator Interface (c) 2025 All Rights Reserved'
Dec. 05, 2025 6:03:02 P.M. javafx.scene.CssStyleHelper calculateValue
WARNING: Could not resolve 'parent-width' while resolving lookups for '-fx-max-width' from inline style on Label@43988755[styleClass=label]'Vladislav Zolotukhin - 170945224'
Dec. 05, 2025 6:03:02 P.M. javafx.scene.CssStyleHelper calculateValue
WARNING: Could not resolve 'parent-width' while resolving lookups for '-fx-max-width' from inline style on Label@9a566ba[styleClass=label]'Administrator Interface (c) 2025 All Rights Reserved'
Dec. 05, 2025 6:03:02 P.M. javafx.scene.CssStyleHelper calculateValue
WARNING: Could not resolve 'parent-width' while resolving lookups for '-fx-max-width' from inline style on Label@43988755[styleClass=label]'Vladislav Zolotukhin - 170945224'
Dec. 05, 2025 6:03:18 P.M. ca.senecapolytechnic.application.apd545project.controllers.AdminController deactivateAdmin
INFO: Admin 'admin' logged out and deactivated.
Dec. 05, 2025 6:03:18 P.M. ca.senecapolytechnic.application.apd545project.controllers.AdminController logOut
INFO: Admin logged out and session cleared
Dec. 05, 2025 6:03:18 P.M. javafx.fxml.FXMLLoader$ValueElement processValue
WARNING: Loading FXML document with JavaFX API of version 24.0.1 by JavaFX runtime of version 17.0.14
Dec. 05, 2025 6:03:18 P.M. javafx.scene.CssStyleHelper calculateValue
WARNING: Could not resolve 'parent-width' while resolving lookups for '-fx-max-width' from inline style on Label@345d49df[styleClass=label]'Welcome to the Come On Inn Hotel (c) 2025 All Rights Reserved'
Dec. 05, 2025 6:03:18 P.M. javafx.scene.CssStyleHelper calculateValue
WARNING: Could not resolve 'parent-width' while resolving lookups for '-fx-max-width' from inline style on Label@345d49df[styleClass=label]'Welcome to the Come On Inn Hotel (c) 2025 All Rights Reserved'
Dec. 05, 2025 6:03:18 P.M. javafx.scene.CssStyleHelper calculateValue
WARNING: Could not resolve 'parent-width' while resolving lookups for '-fx-max-width' from inline style on Label@260edda3[styleClass=label]'Vladislav Zolotukhin - 170945224'
Dec. 05, 2025 6:03:18 P.M. javafx.scene.CssStyleHelper calculateValue
WARNING: Could not resolve 'parent-width' while resolving lookups for '-fx-max-width' from inline style on Label@345d49df[styleClass=label]'Welcome to the Come On Inn Hotel (c) 2025 All Rights Reserved'
Dec. 05, 2025 6:03:18 P.M. javafx.scene.CssStyleHelper calculateValue
WARNING: Could not resolve 'parent-width' while resolving lookups for '-fx-max-width' from inline style on Label@260edda3[styleClass=label]'Vladislav Zolotukhin - 170945224'
Dec. 05, 2025 6:03:19 P.M. javafx.fxml.FXMLLoader$ValueElement processValue
WARNING: Loading FXML document with JavaFX API of version 24.0.1 by JavaFX runtime of version 17.0.14
Dec. 05, 2025 6:03:19 P.M. javafx.scene.CssStyleHelper calculateValue
WARNING: Could not resolve 'parent-width' while resolving lookups for '-fx-max-width' from inline style on Label@59439448[styleClass=label]'Guest Interface (c) 2025 All Rights Reserved'
Dec. 05, 2025 6:03:19 P.M. javafx.scene.CssStyleHelper calculateValue
WARNING: Could not resolve 'parent-width' while resolving lookups for '-fx-max-width' from inline style on Label@59439448[styleClass=label]'Guest Interface (c) 2025 All Rights Reserved'
Dec. 05, 2025 6:03:19 P.M. javafx.scene.CssStyleHelper calculateValue
WARNING: Could not resolve 'parent-width' while resolving lookups for '-fx-max-width' from inline style on Label@722b4a53[styleClass=label]'Vladislav Zolotukhin - 170945224'
Dec. 05, 2025 6:03:19 P.M. javafx.scene.CssStyleHelper calculateValue
WARNING: Could not resolve 'parent-width' while resolving lookups for '-fx-max-width' from inline style on Label@59439448[styleClass=label]'Guest Interface (c) 2025 All Rights Reserved'
Dec. 05, 2025 6:03:19 P.M. javafx.scene.CssStyleHelper calculateValue
WARNING: Could not resolve 'parent-width' while resolving lookups for '-fx-max-width' from inline style on Label@722b4a53[styleClass=label]'Vladislav Zolotukhin - 170945224'
Dec. 05, 2025 6:03:33 P.M. ca.senecapolytechnic.application.apd545project.controllers.KioskController validateStepOne
INFO: Validation step 1 fail: For input string: ""
Dec. 05, 2025 6:04:31 P.M. ca.senecapolytechnic.application.apd545project.controllers.KioskController newReservationReq
INFO: First page extraction completed
Dec. 05, 2025 6:04:31 P.M. ca.senecapolytechnic.application.apd545project.controllers.KioskController newReservationReq
INFO: Room availability validated
Dec. 05, 2025 6:04:31 P.M. ca.senecapolytechnic.application.apd545project.controllers.KioskController newReservationReq
INFO: Second page extraction completed
Dec. 05, 2025 6:04:31 P.M. ca.senecapolytechnic.application.apd545project.controllers.KioskController newReservationReq
INFO: Third page extraction completed
Dec. 05, 2025 6:04:31 P.M. ca.senecapolytechnic.application.apd545project.controllers.KioskController newReservationReq
INFO: Final page extraction completed
Dec. 05, 2025 6:04:31 P.M. ca.senecapolytechnic.application.apd545project.controllers.KioskController newReservationReq
INFO: Reservation object created: ca.senecapolytechnic.application.apd545project.utils.ReservationObj@6c3ae70f
Dec. 05, 2025 6:04:32 P.M. ca.senecapolytechnic.application.apd545project.controllers.KioskController handleConfirm
INFO: Success! Reservation #8 created
Dec. 05, 2025 6:04:32 P.M. javafx.fxml.FXMLLoader$ValueElement processValue
WARNING: Loading FXML document with JavaFX API of version 24.0.1 by JavaFX runtime of version 17.0.14
Dec. 05, 2025 6:04:32 P.M. javafx.scene.CssStyleHelper calculateValue
WARNING: Could not resolve 'parent-width' while resolving lookups for '-fx-max-width' from inline style on Label@67f4edd8[styleClass=label]'Welcome to the Come On Inn Hotel (c) 2025 All Rights Reserved'
Dec. 05, 2025 6:04:32 P.M. javafx.scene.CssStyleHelper calculateValue
WARNING: Could not resolve 'parent-width' while resolving lookups for '-fx-max-width' from inline style on Label@67f4edd8[styleClass=label]'Welcome to the Come On Inn Hotel (c) 2025 All Rights Reserved'
Dec. 05, 2025 6:04:32 P.M. javafx.scene.CssStyleHelper calculateValue
WARNING: Could not resolve 'parent-width' while resolving lookups for '-fx-max-width' from inline style on Label@a64fb84[styleClass=label]'Vladislav Zolotukhin - 170945224'
Dec. 05, 2025 6:04:32 P.M. javafx.scene.CssStyleHelper calculateValue
WARNING: Could not resolve 'parent-width' while resolving lookups for '-fx-max-width' from inline style on Label@67f4edd8[styleClass=label]'Welcome to the Come On Inn Hotel (c) 2025 All Rights Reserved'
Dec. 05, 2025 6:04:32 P.M. javafx.scene.CssStyleHelper calculateValue
WARNING: Could not resolve 'parent-width' while resolving lookups for '-fx-max-width' from inline style on Label@a64fb84[styleClass=label]'Vladislav Zolotukhin - 170945224'
Dec. 05, 2025 6:04:33 P.M. javafx.fxml.FXMLLoader$ValueElement processValue
WARNING: Loading FXML document with JavaFX API of version 24.0.1 by JavaFX runtime of version 17.0.14
Dec. 05, 2025 6:04:40 P.M. ca.senecapolytechnic.application.apd545project.controllers.LoginController activateAdmin
INFO: Logged in as: admin
Dec. 05, 2025 6:04:40 P.M. ca.senecapolytechnic.application.apd545project.controllers.LoginController activateAdmin
INFO: Role: ADMIN
Dec. 05, 2025 6:04:40 P.M. javafx.fxml.FXMLLoader$ValueElement processValue
WARNING: Loading FXML document with JavaFX API of version 24.0.1 by JavaFX runtime of version 17.0.14
Dec. 05, 2025 6:04:40 P.M. javafx.scene.CssStyleHelper calculateValue
WARNING: Could not resolve 'parent-width' while resolving lookups for '-fx-max-width' from inline style on Label@2c8940c8[styleClass=label]'Administrator Interface (c) 2025 All Rights Reserved'
Dec. 05, 2025 6:04:40 P.M. javafx.scene.CssStyleHelper calculateValue
WARNING: Could not resolve 'parent-width' while resolving lookups for '-fx-max-width' from inline style on Label@2c8940c8[styleClass=label]'Administrator Interface (c) 2025 All Rights Reserved'
Dec. 05, 2025 6:04:40 P.M. javafx.scene.CssStyleHelper calculateValue
WARNING: Could not resolve 'parent-width' while resolving lookups for '-fx-max-width' from inline style on Label@2297832b[styleClass=label]'Vladislav Zolotukhin - 170945224'
Dec. 05, 2025 6:04:40 P.M. javafx.scene.CssStyleHelper calculateValue
WARNING: Could not resolve 'parent-width' while resolving lookups for '-fx-max-width' from inline style on Label@2c8940c8[styleClass=label]'Administrator Interface (c) 2025 All Rights Reserved'
Dec. 05, 2025 6:04:40 P.M. javafx.scene.CssStyleHelper calculateValue
WARNING: Could not resolve 'parent-width' while resolving lookups for '-fx-max-width' from inline style on Label@2297832b[styleClass=label]'Vladislav Zolotukhin - 170945224'
Dec. 05, 2025 6:04:44 P.M. javafx.fxml.FXMLLoader$ValueElement processValue
WARNING: Loading FXML document with JavaFX API of version 24.0.1 by JavaFX runtime of version 17.0.14
Dec. 05, 2025 6:04:44 P.M. ca.senecapolytechnic.application.apd545project.controllers.CheckoutController applyDiscount
INFO: Discount applied
Dec. 05, 2025 6:05:08 P.M. ca.senecapolytechnic.application.apd545project.controllers.CheckoutController applyDiscount
INFO: Discount applied
Dec. 05, 2025 6:05:36 P.M. javafx.fxml.FXMLLoader$ValueElement processValue
WARNING: Loading FXML document with JavaFX API of version 24.0.1 by JavaFX runtime of version 17.0.14
Dec. 05, 2025 6:05:36 P.M. javafx.scene.CssStyleHelper calculateValue
WARNING: Could not resolve 'parent-width' while resolving lookups for '-fx-max-width' from inline style on Label@43b450be[styleClass=label]'Administrator Interface (c) 2025 All Rights Reserved'
Dec. 05, 2025 6:05:36 P.M. javafx.scene.CssStyleHelper calculateValue
WARNING: Could not resolve 'parent-width' while resolving lookups for '-fx-max-width' from inline style on Label@43b450be[styleClass=label]'Administrator Interface (c) 2025 All Rights Reserved'
Dec. 05, 2025 6:05:36 P.M. javafx.scene.CssStyleHelper calculateValue
WARNING: Could not resolve 'parent-width' while resolving lookups for '-fx-max-width' from inline style on Label@12533782[styleClass=label]'Vladislav Zolotukhin - 170945224'
Dec. 05, 2025 6:05:37 P.M. javafx.scene.CssStyleHelper calculateValue
WARNING: Could not resolve 'parent-width' while resolving lookups for '-fx-max-width' from inline style on Label@43b450be[styleClass=label]'Administrator Interface (c) 2025 All Rights Reserved'
Dec. 05, 2025 6:05:37 P.M. javafx.scene.CssStyleHelper calculateValue
WARNING: Could not resolve 'parent-width' while resolving lookups for '-fx-max-width' from inline style on Label@12533782[styleClass=label]'Vladislav Zolotukhin - 170945224'
Dec. 05, 2025 6:05:39 P.M. ca.senecapolytechnic.application.apd545project.controllers.AdminController deactivateAdmin
INFO: Admin 'admin' logged out and deactivated.
Dec. 05, 2025 6:05:39 P.M. ca.senecapolytechnic.application.apd545project.controllers.AdminController logOut
INFO: Admin logged out and session cleared
Dec. 05, 2025 6:05:39 P.M. javafx.fxml.FXMLLoader$ValueElement processValue
WARNING: Loading FXML document with JavaFX API of version 24.0.1 by JavaFX runtime of version 17.0.14
Dec. 05, 2025 6:05:39 P.M. javafx.scene.CssStyleHelper calculateValue
WARNING: Could not resolve 'parent-width' while resolving lookups for '-fx-max-width' from inline style on Label@59c2d749[styleClass=label]'Welcome to the Come On Inn Hotel (c) 2025 All Rights Reserved'
Dec. 05, 2025 6:05:39 P.M. javafx.scene.CssStyleHelper calculateValue
WARNING: Could not resolve 'parent-width' while resolving lookups for '-fx-max-width' from inline style on Label@59c2d749[styleClass=label]'Welcome to the Come On Inn Hotel (c) 2025 All Rights Reserved'
Dec. 05, 2025 6:05:39 P.M. javafx.scene.CssStyleHelper calculateValue
WARNING: Could not resolve 'parent-width' while resolving lookups for '-fx-max-width' from inline style on Label@215e6ab2[styleClass=label]'Vladislav Zolotukhin - 170945224'
Dec. 05, 2025 6:05:39 P.M. javafx.scene.CssStyleHelper calculateValue
WARNING: Could not resolve 'parent-width' while resolving lookups for '-fx-max-width' from inline style on Label@59c2d749[styleClass=label]'Welcome to the Come On Inn Hotel (c) 2025 All Rights Reserved'
Dec. 05, 2025 6:05:39 P.M. javafx.scene.CssStyleHelper calculateValue
WARNING: Could not resolve 'parent-width' while resolving lookups for '-fx-max-width' from inline style on Label@215e6ab2[styleClass=label]'Vladislav Zolotukhin - 170945224'
Dec. 05, 2025 6:05:40 P.M. javafx.fxml.FXMLLoader$ValueElement processValue
WARNING: Loading FXML document with JavaFX API of version 24.0.1 by JavaFX runtime of version 17.0.14
Dec. 05, 2025 6:06:03 P.M. ca.senecapolytechnic.application.apd545project.controllers.FeedbackController handleSubmitFeedback
INFO: Submitting new feedback for reservation $8 by $Vlad Zolotukhin...
Dec. 05, 2025 6:06:04 P.M. javafx.fxml.FXMLLoader$ValueElement processValue
WARNING: Loading FXML document with JavaFX API of version 24.0.1 by JavaFX runtime of version 17.0.14
Dec. 05, 2025 6:06:04 P.M. javafx.scene.CssStyleHelper calculateValue
WARNING: Could not resolve 'parent-width' while resolving lookups for '-fx-max-width' from inline style on Label@4cfd7923[styleClass=label]'Guest Interface (c) 2025 All Rights Reserved'
Dec. 05, 2025 6:06:04 P.M. javafx.scene.CssStyleHelper calculateValue
WARNING: Could not resolve 'parent-width' while resolving lookups for '-fx-max-width' from inline style on Label@4cfd7923[styleClass=label]'Guest Interface (c) 2025 All Rights Reserved'
Dec. 05, 2025 6:06:04 P.M. javafx.scene.CssStyleHelper calculateValue
WARNING: Could not resolve 'parent-width' while resolving lookups for '-fx-max-width' from inline style on Label@7848cdab[styleClass=label]'Vladislav Zolotukhin - 170945224'
Dec. 05, 2025 6:06:04 P.M. javafx.scene.CssStyleHelper calculateValue
WARNING: Could not resolve 'parent-width' while resolving lookups for '-fx-max-width' from inline style on Label@4cfd7923[styleClass=label]'Guest Interface (c) 2025 All Rights Reserved'
Dec. 05, 2025 6:06:04 P.M. javafx.scene.CssStyleHelper calculateValue
WARNING: Could not resolve 'parent-width' while resolving lookups for '-fx-max-width' from inline style on Label@7848cdab[styleClass=label]'Vladislav Zolotukhin - 170945224'
Dec. 05, 2025 6:06:07 P.M. javafx.fxml.FXMLLoader$ValueElement processValue
WARNING: Loading FXML document with JavaFX API of version 24.0.1 by JavaFX runtime of version 17.0.14
Dec. 05, 2025 6:06:07 P.M. javafx.scene.CssStyleHelper calculateValue
WARNING: Could not resolve 'parent-width' while resolving lookups for '-fx-max-width' from inline style on Label@1bfa9a92[styleClass=label]'Welcome to the Come On Inn Hotel (c) 2025 All Rights Reserved'
Dec. 05, 2025 6:06:07 P.M. javafx.scene.CssStyleHelper calculateValue
WARNING: Could not resolve 'parent-width' while resolving lookups for '-fx-max-width' from inline style on Label@1bfa9a92[styleClass=label]'Welcome to the Come On Inn Hotel (c) 2025 All Rights Reserved'
Dec. 05, 2025 6:06:07 P.M. javafx.scene.CssStyleHelper calculateValue
WARNING: Could not resolve 'parent-width' while resolving lookups for '-fx-max-width' from inline style on Label@126ce339[styleClass=label]'Vladislav Zolotukhin - 170945224'
Dec. 05, 2025 6:06:07 P.M. javafx.scene.CssStyleHelper calculateValue
WARNING: Could not resolve 'parent-width' while resolving lookups for '-fx-max-width' from inline style on Label@1bfa9a92[styleClass=label]'Welcome to the Come On Inn Hotel (c) 2025 All Rights Reserved'
Dec. 05, 2025 6:06:07 P.M. javafx.scene.CssStyleHelper calculateValue
WARNING: Could not resolve 'parent-width' while resolving lookups for '-fx-max-width' from inline style on Label@126ce339[styleClass=label]'Vladislav Zolotukhin - 170945224'
Dec. 05, 2025 6:06:09 P.M. javafx.fxml.FXMLLoader$ValueElement processValue
WARNING: Loading FXML document with JavaFX API of version 24.0.1 by JavaFX runtime of version 17.0.14
Dec. 05, 2025 6:06:09 P.M. javafx.scene.CssStyleHelper calculateValue
WARNING: Could not resolve 'parent-width' while resolving lookups for '-fx-max-width' from inline style on Label@128c3890[styleClass=label]'Guest Interface (c) 2025 All Rights Reserved'
Dec. 05, 2025 6:06:09 P.M. javafx.scene.CssStyleHelper calculateValue
WARNING: Could not resolve 'parent-width' while resolving lookups for '-fx-max-width' from inline style on Label@128c3890[styleClass=label]'Guest Interface (c) 2025 All Rights Reserved'
Dec. 05, 2025 6:06:09 P.M. javafx.scene.CssStyleHelper calculateValue
WARNING: Could not resolve 'parent-width' while resolving lookups for '-fx-max-width' from inline style on Label@486cbeb7[styleClass=label]'Vladislav Zolotukhin - 170945224'
Dec. 05, 2025 6:06:09 P.M. javafx.scene.CssStyleHelper calculateValue
WARNING: Could not resolve 'parent-width' while resolving lookups for '-fx-max-width' from inline style on Label@128c3890[styleClass=label]'Guest Interface (c) 2025 All Rights Reserved'
Dec. 05, 2025 6:06:09 P.M. javafx.scene.CssStyleHelper calculateValue
WARNING: Could not resolve 'parent-width' while resolving lookups for '-fx-max-width' from inline style on Label@486cbeb7[styleClass=label]'Vladislav Zolotukhin - 170945224'
Dec. 05, 2025 6:06:12 P.M. javafx.fxml.FXMLLoader$ValueElement processValue
WARNING: Loading FXML document with JavaFX API of version 24.0.1 by JavaFX runtime of version 17.0.14
Dec. 05, 2025 6:06:12 P.M. javafx.scene.CssStyleHelper calculateValue
WARNING: Could not resolve 'parent-width' while resolving lookups for '-fx-max-width' from inline style on Label@2db3be01[styleClass=label]'Welcome to the Come On Inn Hotel (c) 2025 All Rights Reserved'
Dec. 05, 2025 6:06:12 P.M. javafx.scene.CssStyleHelper calculateValue
WARNING: Could not resolve 'parent-width' while resolving lookups for '-fx-max-width' from inline style on Label@2db3be01[styleClass=label]'Welcome to the Come On Inn Hotel (c) 2025 All Rights Reserved'
Dec. 05, 2025 6:06:12 P.M. javafx.scene.CssStyleHelper calculateValue
WARNING: Could not resolve 'parent-width' while resolving lookups for '-fx-max-width' from inline style on Label@707d5aea[styleClass=label]'Vladislav Zolotukhin - 170945224'
Dec. 05, 2025 6:06:12 P.M. javafx.scene.CssStyleHelper calculateValue
WARNING: Could not resolve 'parent-width' while resolving lookups for '-fx-max-width' from inline style on Label@2db3be01[styleClass=label]'Welcome to the Come On Inn Hotel (c) 2025 All Rights Reserved'
Dec. 05, 2025 6:06:12 P.M. javafx.scene.CssStyleHelper calculateValue
WARNING: Could not resolve 'parent-width' while resolving lookups for '-fx-max-width' from inline style on Label@707d5aea[styleClass=label]'Vladislav Zolotukhin - 170945224'
Dec. 05, 2025 6:32:18 P.M. ca.senecapolytechnic.application.apd545project.AppConfig initializeDatabase
INFO: Hotel table already populated, skipping initialization.
Dec. 05, 2025 6:32:18 P.M. ca.senecapolytechnic.application.apd545project.AppConfig initializeRooms
INFO: Rooms table already populated, skipping room initialization.
Dec. 05, 2025 6:32:18 P.M. ca.senecapolytechnic.application.apd545project.AppConfig initializeDatabase
INFO: ServiceAddons table already populated, skipping initialization.
Dec. 05, 2025 6:34:45 P.M. ca.senecapolytechnic.application.apd545project.controllers.KioskController newReservationReq
INFO: First page extraction completed
Dec. 05, 2025 6:34:45 P.M. ca.senecapolytechnic.application.apd545project.controllers.KioskController newReservationReq
INFO: Room availability validated
Dec. 05, 2025 6:34:45 P.M. ca.senecapolytechnic.application.apd545project.controllers.KioskController newReservationReq
INFO: Second page extraction completed
Dec. 05, 2025 6:34:45 P.M. ca.senecapolytechnic.application.apd545project.controllers.KioskController newReservationReq
INFO: Third page extraction completed
Dec. 05, 2025 6:34:45 P.M. ca.senecapolytechnic.application.apd545project.controllers.KioskController newReservationReq
INFO: Final page extraction completed
Dec. 05, 2025 6:34:45 P.M. ca.senecapolytechnic.application.apd545project.controllers.KioskController newReservationReq
INFO: Reservation object created: ca.senecapolytechnic.application.apd545project.utils.ReservationObj@39b46371
Dec. 05, 2025 6:34:49 P.M. ca.senecapolytechnic.application.apd545project.controllers.KioskController handleConfirm
INFO: Success! Reservation #9 created
Dec. 05, 2025 6:34:49 P.M. javafx.fxml.FXMLLoader$ValueElement processValue
WARNING: Loading FXML document with JavaFX API of version 24.0.1 by JavaFX runtime of version 17.0.14
Dec. 05, 2025 6:34:49 P.M. javafx.scene.CssStyleHelper calculateValue
WARNING: Could not resolve 'parent-width' while resolving lookups for '-fx-max-width' from inline style on Label@454c85c3[styleClass=label]'Welcome to the Come On Inn Hotel (c) 2025 All Rights Reserved'
Dec. 05, 2025 6:34:49 P.M. javafx.scene.CssStyleHelper calculateValue
WARNING: Could not resolve 'parent-width' while resolving lookups for '-fx-max-width' from inline style on Label@454c85c3[styleClass=label]'Welcome to the Come On Inn Hotel (c) 2025 All Rights Reserved'
Dec. 05, 2025 6:34:49 P.M. javafx.scene.CssStyleHelper calculateValue
WARNING: Could not resolve 'parent-width' while resolving lookups for '-fx-max-width' from inline style on Label@11acb9c[styleClass=label]'Vladislav Zolotukhin - 170945224'
Dec. 05, 2025 6:34:49 P.M. javafx.scene.CssStyleHelper calculateValue
WARNING: Could not resolve 'parent-width' while resolving lookups for '-fx-max-width' from inline style on Label@454c85c3[styleClass=label]'Welcome to the Come On Inn Hotel (c) 2025 All Rights Reserved'
Dec. 05, 2025 6:34:49 P.M. javafx.scene.CssStyleHelper calculateValue
WARNING: Could not resolve 'parent-width' while resolving lookups for '-fx-max-width' from inline style on Label@11acb9c[styleClass=label]'Vladislav Zolotukhin - 170945224'
Dec. 05, 2025 6:34:54 P.M. javafx.fxml.FXMLLoader$ValueElement processValue
WARNING: Loading FXML document with JavaFX API of version 24.0.1 by JavaFX runtime of version 17.0.14
Dec. 05, 2025 6:35:04 P.M. ca.senecapolytechnic.application.apd545project.controllers.LoginController activateAdmin
INFO: Logged in as: admin
Dec. 05, 2025 6:35:04 P.M. ca.senecapolytechnic.application.apd545project.controllers.LoginController activateAdmin
INFO: Role: ADMIN
Dec. 05, 2025 6:35:04 P.M. javafx.fxml.FXMLLoader$ValueElement processValue
WARNING: Loading FXML document with JavaFX API of version 24.0.1 by JavaFX runtime of version 17.0.14
Dec. 05, 2025 6:35:04 P.M. javafx.scene.CssStyleHelper calculateValue
WARNING: Could not resolve 'parent-width' while resolving lookups for '-fx-max-width' from inline style on Label@5a72beda[styleClass=label]'Administrator Interface (c) 2025 All Rights Reserved'
Dec. 05, 2025 6:35:04 P.M. javafx.scene.CssStyleHelper calculateValue
WARNING: Could not resolve 'parent-width' while resolving lookups for '-fx-max-width' from inline style on Label@5a72beda[styleClass=label]'Administrator Interface (c) 2025 All Rights Reserved'
Dec. 05, 2025 6:35:04 P.M. javafx.scene.CssStyleHelper calculateValue
WARNING: Could not resolve 'parent-width' while resolving lookups for '-fx-max-width' from inline style on Label@5769ec0[styleClass=label]'Vladislav Zolotukhin - 170945224'
Dec. 05, 2025 6:35:04 P.M. javafx.scene.CssStyleHelper calculateValue
WARNING: Could not resolve 'parent-width' while resolving lookups for '-fx-max-width' from inline style on Label@5a72beda[styleClass=label]'Administrator Interface (c) 2025 All Rights Reserved'
Dec. 05, 2025 6:35:04 P.M. javafx.scene.CssStyleHelper calculateValue
WARNING: Could not resolve 'parent-width' while resolving lookups for '-fx-max-width' from inline style on Label@5769ec0[styleClass=label]'Vladislav Zolotukhin - 170945224'
Dec. 05, 2025 6:37:36 P.M. ca.senecapolytechnic.application.apd545project.controllers.AdminController handleCheckout
INFO: Couldn't checkout reservation: None specified
Dec. 05, 2025 6:38:26 P.M. ca.senecapolytechnic.application.apd545project.AppConfig initializeDatabase
INFO: Hotel table already populated, skipping initialization.
Dec. 05, 2025 6:38:26 P.M. ca.senecapolytechnic.application.apd545project.AppConfig initializeRooms
INFO: Rooms table already populated, skipping room initialization.
Dec. 05, 2025 6:38:26 P.M. ca.senecapolytechnic.application.apd545project.AppConfig initializeDatabase
INFO: ServiceAddons table already populated, skipping initialization.
Dec. 05, 2025 6:38:26 P.M. ca.senecapolytechnic.application.apd545project.controllers.LoginController activateAdmin
INFO: Logged in as: Bob
Dec. 05, 2025 6:38:26 P.M. ca.senecapolytechnic.application.apd545project.controllers.LoginController activateAdmin
INFO: Role: MANAGER
Dec. 05, 2025 6:38:26 P.M. javafx.fxml.FXMLLoader$ValueElement processValue
WARNING: Loading FXML document with JavaFX API of version 24.0.1 by JavaFX runtime of version 17.0.14
Dec. 05, 2025 6:38:26 P.M. javafx.scene.CssStyleHelper calculateValue
WARNING: Could not resolve 'parent-width' while resolving lookups for '-fx-max-width' from inline style on Label@77aef227[styleClass=label]'Administrator Interface (c) 2025 All Rights Reserved'
Dec. 05, 2025 6:38:26 P.M. javafx.scene.CssStyleHelper calculateValue
WARNING: Could not resolve 'parent-width' while resolving lookups for '-fx-max-width' from inline style on Label@77aef227[styleClass=label]'Administrator Interface (c) 2025 All Rights Reserved'
Dec. 05, 2025 6:38:26 P.M. javafx.scene.CssStyleHelper calculateValue
WARNING: Could not resolve 'parent-width' while resolving lookups for '-fx-max-width' from inline style on Label@1a2415c7[styleClass=label]'Vladislav Zolotukhin - 170945224'
Dec. 05, 2025 6:38:27 P.M. javafx.scene.CssStyleHelper calculateValue
WARNING: Could not resolve 'parent-width' while resolving lookups for '-fx-max-width' from inline style on Label@77aef227[styleClass=label]'Administrator Interface (c) 2025 All Rights Reserved'
Dec. 05, 2025 6:38:27 P.M. javafx.scene.CssStyleHelper calculateValue
WARNING: Could not resolve 'parent-width' while resolving lookups for '-fx-max-width' from inline style on Label@1a2415c7[styleClass=label]'Vladislav Zolotukhin - 170945224'
Dec. 05, 2025 6:38:35 P.M. ca.senecapolytechnic.application.apd545project.controllers.AdminController lambda$updateAvailabilityButton$94
INFO: UPDATED Room Availability of Room206 to MAINTENANCE
Dec. 05, 2025 6:38:43 P.M. ca.senecapolytechnic.application.apd545project.controllers.AdminController deactivateAdmin
INFO: Admin 'Bob' logged out and deactivated.
Dec. 05, 2025 6:38:43 P.M. ca.senecapolytechnic.application.apd545project.controllers.AdminController logOut
INFO: Admin logged out and session cleared
Dec. 05, 2025 6:38:43 P.M. javafx.fxml.FXMLLoader$ValueElement processValue
WARNING: Loading FXML document with JavaFX API of version 24.0.1 by JavaFX runtime of version 17.0.14
Dec. 05, 2025 6:38:43 P.M. javafx.scene.CssStyleHelper calculateValue
WARNING: Could not resolve 'parent-width' while resolving lookups for '-fx-max-width' from inline style on Label@7fb225fd[styleClass=label]'Welcome to the Come On Inn Hotel (c) 2025 All Rights Reserved'
Dec. 05, 2025 6:38:43 P.M. javafx.scene.CssStyleHelper calculateValue
WARNING: Could not resolve 'parent-width' while resolving lookups for '-fx-max-width' from inline style on Label@7fb225fd[styleClass=label]'Welcome to the Come On Inn Hotel (c) 2025 All Rights Reserved'
Dec. 05, 2025 6:38:43 P.M. javafx.scene.CssStyleHelper calculateValue
WARNING: Could not resolve 'parent-width' while resolving lookups for '-fx-max-width' from inline style on Label@275dee59[styleClass=label]'Vladislav Zolotukhin - 170945224'
Dec. 05, 2025 6:38:43 P.M. javafx.scene.CssStyleHelper calculateValue
WARNING: Could not resolve 'parent-width' while resolving lookups for '-fx-max-width' from inline style on Label@7fb225fd[styleClass=label]'Welcome to the Come On Inn Hotel (c) 2025 All Rights Reserved'
Dec. 05, 2025 6:38:43 P.M. javafx.scene.CssStyleHelper calculateValue
WARNING: Could not resolve 'parent-width' while resolving lookups for '-fx-max-width' from inline style on Label@275dee59[styleClass=label]'Vladislav Zolotukhin - 170945224'
Dec. 05, 2025 6:46:11 P.M. ca.senecapolytechnic.application.apd545project.AppConfig initializeDatabase
INFO: Hotel table already populated, skipping initialization.
Dec. 05, 2025 6:46:11 P.M. ca.senecapolytechnic.application.apd545project.AppConfig initializeRooms
INFO: Rooms table already populated, skipping room initialization.
Dec. 05, 2025 6:46:11 P.M. ca.senecapolytechnic.application.apd545project.AppConfig initializeDatabase
INFO: ServiceAddons table already populated, skipping initialization.
Dec. 05, 2025 6:49:40 P.M. ca.senecapolytechnic.application.apd545project.controllers.KioskController newReservationReq
INFO: First page extraction completed
Dec. 05, 2025 6:49:40 P.M. ca.senecapolytechnic.application.apd545project.controllers.KioskController newReservationReq
INFO: Room availability validated
Dec. 05, 2025 6:49:40 P.M. ca.senecapolytechnic.application.apd545project.controllers.KioskController newReservationReq
INFO: Second page extraction completed
Dec. 05, 2025 6:49:40 P.M. ca.senecapolytechnic.application.apd545project.controllers.KioskController newReservationReq
INFO: Third page extraction completed
Dec. 05, 2025 6:49:40 P.M. ca.senecapolytechnic.application.apd545project.controllers.KioskController newReservationReq
INFO: Final page extraction completed
Dec. 05, 2025 6:49:40 P.M. ca.senecapolytechnic.application.apd545project.controllers.KioskController newReservationReq
INFO: Reservation object created: ca.senecapolytechnic.application.apd545project.utils.ReservationObj@4203bdac
Dec. 05, 2025 6:49:44 P.M. ca.senecapolytechnic.application.apd545project.controllers.KioskController handleConfirm
INFO: Success! Reservation #10 created
Dec. 05, 2025 6:49:44 P.M. javafx.fxml.FXMLLoader$ValueElement processValue
WARNING: Loading FXML document with JavaFX API of version 24.0.1 by JavaFX runtime of version 17.0.14
Dec. 05, 2025 6:49:44 P.M. javafx.scene.CssStyleHelper calculateValue
WARNING: Could not resolve 'parent-width' while resolving lookups for '-fx-max-width' from inline style on Label@3b584cf2[styleClass=label]'Welcome to the Come On Inn Hotel (c) 2025 All Rights Reserved'
Dec. 05, 2025 6:49:44 P.M. javafx.scene.CssStyleHelper calculateValue
WARNING: Could not resolve 'parent-width' while resolving lookups for '-fx-max-width' from inline style on Label@3b584cf2[styleClass=label]'Welcome to the Come On Inn Hotel (c) 2025 All Rights Reserved'
Dec. 05, 2025 6:49:44 P.M. javafx.scene.CssStyleHelper calculateValue
WARNING: Could not resolve 'parent-width' while resolving lookups for '-fx-max-width' from inline style on Label@4c3395c7[styleClass=label]'Vladislav Zolotukhin - 170945224'
Dec. 05, 2025 6:49:44 P.M. javafx.scene.CssStyleHelper calculateValue
WARNING: Could not resolve 'parent-width' while resolving lookups for '-fx-max-width' from inline style on Label@3b584cf2[styleClass=label]'Welcome to the Come On Inn Hotel (c) 2025 All Rights Reserved'
Dec. 05, 2025 6:49:44 P.M. javafx.scene.CssStyleHelper calculateValue
WARNING: Could not resolve 'parent-width' while resolving lookups for '-fx-max-width' from inline style on Label@4c3395c7[styleClass=label]'Vladislav Zolotukhin - 170945224'
Dec. 05, 2025 6:49:50 P.M. javafx.fxml.FXMLLoader$ValueElement processValue
WARNING: Loading FXML document with JavaFX API of version 24.0.1 by JavaFX runtime of version 17.0.14
Dec. 05, 2025 6:50:01 P.M. ca.senecapolytechnic.application.apd545project.controllers.LoginController activateAdmin
INFO: Logged in as: admin
Dec. 05, 2025 6:50:01 P.M. ca.senecapolytechnic.application.apd545project.controllers.LoginController activateAdmin
INFO: Role: ADMIN
Dec. 05, 2025 6:50:01 P.M. javafx.fxml.FXMLLoader$ValueElement processValue
WARNING: Loading FXML document with JavaFX API of version 24.0.1 by JavaFX runtime of version 17.0.14
Dec. 05, 2025 6:50:02 P.M. javafx.scene.CssStyleHelper calculateValue
WARNING: Could not resolve 'parent-width' while resolving lookups for '-fx-max-width' from inline style on Label@27175e91[styleClass=label]'Administrator Interface (c) 2025 All Rights Reserved'
Dec. 05, 2025 6:50:02 P.M. javafx.scene.CssStyleHelper calculateValue
WARNING: Could not resolve 'parent-width' while resolving lookups for '-fx-max-width' from inline style on Label@27175e91[styleClass=label]'Administrator Interface (c) 2025 All Rights Reserved'
Dec. 05, 2025 6:50:02 P.M. javafx.scene.CssStyleHelper calculateValue
WARNING: Could not resolve 'parent-width' while resolving lookups for '-fx-max-width' from inline style on Label@5185a207[styleClass=label]'Vladislav Zolotukhin - 170945224'
Dec. 05, 2025 6:50:02 P.M. javafx.scene.CssStyleHelper calculateValue
WARNING: Could not resolve 'parent-width' while resolving lookups for '-fx-max-width' from inline style on Label@27175e91[styleClass=label]'Administrator Interface (c) 2025 All Rights Reserved'
Dec. 05, 2025 6:50:02 P.M. javafx.scene.CssStyleHelper calculateValue
WARNING: Could not resolve 'parent-width' while resolving lookups for '-fx-max-width' from inline style on Label@5185a207[styleClass=label]'Vladislav Zolotukhin - 170945224'
Dec. 05, 2025 6:53:14 P.M. ca.senecapolytechnic.application.apd545project.AppConfig initializeDatabase
INFO: Hotel table already populated, skipping initialization.
Dec. 05, 2025 6:53:14 P.M. ca.senecapolytechnic.application.apd545project.AppConfig initializeRooms
INFO: Rooms table already populated, skipping room initialization.
Dec. 05, 2025 6:53:14 P.M. ca.senecapolytechnic.application.apd545project.AppConfig initializeDatabase
INFO: ServiceAddons table already populated, skipping initialization.
Dec. 05, 2025 6:53:14 P.M. ca.senecapolytechnic.application.apd545project.controllers.LoginController activateAdmin
INFO: Logged in as: admin
Dec. 05, 2025 6:53:14 P.M. ca.senecapolytechnic.application.apd545project.controllers.LoginController activateAdmin
INFO: Role: ADMIN
Dec. 05, 2025 6:53:14 P.M. javafx.fxml.FXMLLoader$ValueElement processValue
WARNING: Loading FXML document with JavaFX API of version 24.0.1 by JavaFX runtime of version 17.0.14
Dec. 05, 2025 6:53:14 P.M. javafx.scene.CssStyleHelper calculateValue
WARNING: Could not resolve 'parent-width' while resolving lookups for '-fx-max-width' from inline style on Label@75ba3536[styleClass=label]'Administrator Interface (c) 2025 All Rights Reserved'
Dec. 05, 2025 6:53:14 P.M. javafx.scene.CssStyleHelper calculateValue
WARNING: Could not resolve 'parent-width' while resolving lookups for '-fx-max-width' from inline style on Label@75ba3536[styleClass=label]'Administrator Interface (c) 2025 All Rights Reserved'
Dec. 05, 2025 6:53:15 P.M. javafx.scene.CssStyleHelper calculateValue
WARNING: Could not resolve 'parent-width' while resolving lookups for '-fx-max-width' from inline style on Label@77265e5e[styleClass=label]'Vladislav Zolotukhin - 170945224'
Dec. 05, 2025 6:53:15 P.M. javafx.scene.CssStyleHelper calculateValue
WARNING: Could not resolve 'parent-width' while resolving lookups for '-fx-max-width' from inline style on Label@75ba3536[styleClass=label]'Administrator Interface (c) 2025 All Rights Reserved'
Dec. 05, 2025 6:53:15 P.M. javafx.scene.CssStyleHelper calculateValue
WARNING: Could not resolve 'parent-width' while resolving lookups for '-fx-max-width' from inline style on Label@77265e5e[styleClass=label]'Vladislav Zolotukhin - 170945224'
Dec. 05, 2025 7:03:39 P.M. ca.senecapolytechnic.application.apd545project.AppConfig initializeDatabase
INFO: Hotel table already populated, skipping initialization.
Dec. 05, 2025 7:03:39 P.M. ca.senecapolytechnic.application.apd545project.AppConfig initializeRooms
INFO: Rooms table already populated, skipping room initialization.
Dec. 05, 2025 7:03:39 P.M. ca.senecapolytechnic.application.apd545project.AppConfig initializeDatabase
INFO: ServiceAddons table already populated, skipping initialization.
Dec. 05, 2025 7:08:08 P.M. ca.senecapolytechnic.application.apd545project.controllers.KioskController newReservationReq
INFO: First page extraction completed
Dec. 05, 2025 7:08:08 P.M. ca.senecapolytechnic.application.apd545project.controllers.KioskController newReservationReq
INFO: Room availability validated
Dec. 05, 2025 7:08:08 P.M. ca.senecapolytechnic.application.apd545project.controllers.KioskController newReservationReq
INFO: Second page extraction completed
Dec. 05, 2025 7:08:08 P.M. ca.senecapolytechnic.application.apd545project.controllers.KioskController newReservationReq
INFO: Third page extraction completed
Dec. 05, 2025 7:08:08 P.M. ca.senecapolytechnic.application.apd545project.controllers.KioskController newReservationReq
INFO: Final page extraction completed
Dec. 05, 2025 7:08:08 P.M. ca.senecapolytechnic.application.apd545project.controllers.KioskController newReservationReq
INFO: Reservation object created: ca.senecapolytechnic.application.apd545project.utils.ReservationObj@47b288ea
Dec. 05, 2025 7:08:10 P.M. ca.senecapolytechnic.application.apd545project.controllers.KioskController handleConfirm
INFO: Success! Reservation #11 created
Dec. 05, 2025 7:08:10 P.M. javafx.fxml.FXMLLoader$ValueElement processValue
WARNING: Loading FXML document with JavaFX API of version 24.0.1 by JavaFX runtime of version 17.0.14
Dec. 05, 2025 7:08:10 P.M. javafx.scene.CssStyleHelper calculateValue
WARNING: Could not resolve 'parent-width' while resolving lookups for '-fx-max-width' from inline style on Label@3eb95cb9[styleClass=label]'Welcome to the Come On Inn Hotel (c) 2025 All Rights Reserved'
Dec. 05, 2025 7:08:10 P.M. javafx.scene.CssStyleHelper calculateValue
WARNING: Could not resolve 'parent-width' while resolving lookups for '-fx-max-width' from inline style on Label@3eb95cb9[styleClass=label]'Welcome to the Come On Inn Hotel (c) 2025 All Rights Reserved'
Dec. 05, 2025 7:08:10 P.M. javafx.scene.CssStyleHelper calculateValue
WARNING: Could not resolve 'parent-width' while resolving lookups for '-fx-max-width' from inline style on Label@5fff8c8c[styleClass=label]'Vladislav Zolotukhin - 170945224'
Dec. 05, 2025 7:08:10 P.M. javafx.scene.CssStyleHelper calculateValue
WARNING: Could not resolve 'parent-width' while resolving lookups for '-fx-max-width' from inline style on Label@3eb95cb9[styleClass=label]'Welcome to the Come On Inn Hotel (c) 2025 All Rights Reserved'
Dec. 05, 2025 7:08:10 P.M. javafx.scene.CssStyleHelper calculateValue
WARNING: Could not resolve 'parent-width' while resolving lookups for '-fx-max-width' from inline style on Label@5fff8c8c[styleClass=label]'Vladislav Zolotukhin - 170945224'
Dec. 05, 2025 7:08:22 P.M. javafx.fxml.FXMLLoader$ValueElement processValue
WARNING: Loading FXML document with JavaFX API of version 24.0.1 by JavaFX runtime of version 17.0.14
Dec. 05, 2025 7:08:38 P.M. ca.senecapolytechnic.application.apd545project.controllers.LoginController activateAdmin
INFO: Logged in as: admin
Dec. 05, 2025 7:08:38 P.M. ca.senecapolytechnic.application.apd545project.controllers.LoginController activateAdmin
INFO: Role: ADMIN
Dec. 05, 2025 7:08:38 P.M. javafx.fxml.FXMLLoader$ValueElement processValue
WARNING: Loading FXML document with JavaFX API of version 24.0.1 by JavaFX runtime of version 17.0.14
Dec. 05, 2025 7:08:39 P.M. javafx.scene.CssStyleHelper calculateValue
WARNING: Could not resolve 'parent-width' while resolving lookups for '-fx-max-width' from inline style on Label@1e6a816a[styleClass=label]'Administrator Interface (c) 2025 All Rights Reserved'
Dec. 05, 2025 7:08:39 P.M. javafx.scene.CssStyleHelper calculateValue
WARNING: Could not resolve 'parent-width' while resolving lookups for '-fx-max-width' from inline style on Label@1e6a816a[styleClass=label]'Administrator Interface (c) 2025 All Rights Reserved'
Dec. 05, 2025 7:08:39 P.M. javafx.scene.CssStyleHelper calculateValue
WARNING: Could not resolve 'parent-width' while resolving lookups for '-fx-max-width' from inline style on Label@1718cfa1[styleClass=label]'Vladislav Zolotukhin - 170945224'
Dec. 05, 2025 7:08:39 P.M. javafx.scene.CssStyleHelper calculateValue
WARNING: Could not resolve 'parent-width' while resolving lookups for '-fx-max-width' from inline style on Label@1e6a816a[styleClass=label]'Administrator Interface (c) 2025 All Rights Reserved'
Dec. 05, 2025 7:08:39 P.M. javafx.scene.CssStyleHelper calculateValue
WARNING: Could not resolve 'parent-width' while resolving lookups for '-fx-max-width' from inline style on Label@1718cfa1[styleClass=label]'Vladislav Zolotukhin - 170945224'
Dec. 05, 2025 7:14:48 P.M. javafx.fxml.FXMLLoader$ValueElement processValue
WARNING: Loading FXML document with JavaFX API of version 24.0.1 by JavaFX runtime of version 17.0.14
Dec. 05, 2025 7:15:52 P.M. ca.senecapolytechnic.application.apd545project.controllers.AdminController lambda$updateAvailabilityButton$94
INFO: UPDATED Room Availability of Room211 to MAINTENANCE
Dec. 05, 2025 7:15:56 P.M. ca.senecapolytechnic.application.apd545project.controllers.AdminController lambda$updateAvailabilityButton$94
INFO: UPDATED Room Availability of Room211 to AVAILABLE
Dec. 05, 2025 7:16:20 P.M. javafx.fxml.FXMLLoader$ValueElement processValue
WARNING: Loading FXML document with JavaFX API of version 24.0.1 by JavaFX runtime of version 17.0.14
Dec. 05, 2025 7:16:20 P.M. ca.senecapolytechnic.application.apd545project.controllers.CheckoutController applyDiscount
INFO: Discount applied
Dec. 05, 2025 7:16:27 P.M. ca.senecapolytechnic.application.apd545project.controllers.CheckoutController applyDiscount
INFO: Discount applied
Dec. 05, 2025 7:16:45 P.M. javafx.fxml.FXMLLoader$ValueElement processValue
WARNING: Loading FXML document with JavaFX API of version 24.0.1 by JavaFX runtime of version 17.0.14
Dec. 05, 2025 7:16:45 P.M. javafx.scene.CssStyleHelper calculateValue
WARNING: Could not resolve 'parent-width' while resolving lookups for '-fx-max-width' from inline style on Label@79d0ea41[styleClass=label]'Administrator Interface (c) 2025 All Rights Reserved'
Dec. 05, 2025 7:16:45 P.M. javafx.scene.CssStyleHelper calculateValue
WARNING: Could not resolve 'parent-width' while resolving lookups for '-fx-max-width' from inline style on Label@79d0ea41[styleClass=label]'Administrator Interface (c) 2025 All Rights Reserved'
Dec. 05, 2025 7:16:45 P.M. javafx.scene.CssStyleHelper calculateValue
WARNING: Could not resolve 'parent-width' while resolving lookups for '-fx-max-width' from inline style on Label@2f35cecb[styleClass=label]'Vladislav Zolotukhin - 170945224'
Dec. 05, 2025 7:16:45 P.M. javafx.scene.CssStyleHelper calculateValue
WARNING: Could not resolve 'parent-width' while resolving lookups for '-fx-max-width' from inline style on Label@79d0ea41[styleClass=label]'Administrator Interface (c) 2025 All Rights Reserved'
Dec. 05, 2025 7:16:45 P.M. javafx.scene.CssStyleHelper calculateValue
WARNING: Could not resolve 'parent-width' while resolving lookups for '-fx-max-width' from inline style on Label@2f35cecb[styleClass=label]'Vladislav Zolotukhin - 170945224'
Dec. 05, 2025 7:16:49 P.M. javafx.fxml.FXMLLoader$ValueElement processValue
WARNING: Loading FXML document with JavaFX API of version 24.0.1 by JavaFX runtime of version 17.0.14
Dec. 05, 2025 7:16:49 P.M. ca.senecapolytechnic.application.apd545project.controllers.CheckoutController applyDiscount
INFO: Discount applied
Dec. 05, 2025 7:16:57 P.M. javafx.fxml.FXMLLoader$ValueElement processValue
WARNING: Loading FXML document with JavaFX API of version 24.0.1 by JavaFX runtime of version 17.0.14
Dec. 05, 2025 7:16:57 P.M. ca.senecapolytechnic.application.apd545project.controllers.CheckoutController applyDiscount
INFO: Discount applied
Dec. 05, 2025 7:16:57 P.M. ca.senecapolytechnic.application.apd545project.controllers.CheckoutController applyDiscount
INFO: Discount applied
Dec. 05, 2025 7:17:06 P.M. javafx.fxml.FXMLLoader$ValueElement processValue
WARNING: Loading FXML document with JavaFX API of version 24.0.1 by JavaFX runtime of version 17.0.14
Dec. 05, 2025 7:17:06 P.M. javafx.scene.CssStyleHelper calculateValue
WARNING: Could not resolve 'parent-width' while resolving lookups for '-fx-max-width' from inline style on Label@7b23f70a[styleClass=label]'Administrator Interface (c) 2025 All Rights Reserved'
Dec. 05, 2025 7:17:06 P.M. javafx.scene.CssStyleHelper calculateValue
WARNING: Could not resolve 'parent-width' while resolving lookups for '-fx-max-width' from inline style on Label@7b23f70a[styleClass=label]'Administrator Interface (c) 2025 All Rights Reserved'
Dec. 05, 2025 7:17:06 P.M. javafx.scene.CssStyleHelper calculateValue
WARNING: Could not resolve 'parent-width' while resolving lookups for '-fx-max-width' from inline style on Label@140ada1a[styleClass=label]'Vladislav Zolotukhin - 170945224'
Dec. 05, 2025 7:17:06 P.M. javafx.scene.CssStyleHelper calculateValue
WARNING: Could not resolve 'parent-width' while resolving lookups for '-fx-max-width' from inline style on Label@7b23f70a[styleClass=label]'Administrator Interface (c) 2025 All Rights Reserved'
Dec. 05, 2025 7:17:06 P.M. javafx.scene.CssStyleHelper calculateValue
WARNING: Could not resolve 'parent-width' while resolving lookups for '-fx-max-width' from inline style on Label@140ada1a[styleClass=label]'Vladislav Zolotukhin - 170945224'
Dec. 05, 2025 7:17:08 P.M. javafx.fxml.FXMLLoader$ValueElement processValue
WARNING: Loading FXML document with JavaFX API of version 24.0.1 by JavaFX runtime of version 17.0.14
Dec. 05, 2025 7:17:08 P.M. ca.senecapolytechnic.application.apd545project.controllers.CheckoutController applyDiscount
INFO: Discount applied
Dec. 05, 2025 7:17:09 P.M. javafx.fxml.FXMLLoader$ValueElement processValue
WARNING: Loading FXML document with JavaFX API of version 24.0.1 by JavaFX runtime of version 17.0.14
Dec. 05, 2025 7:17:09 P.M. ca.senecapolytechnic.application.apd545project.controllers.CheckoutController applyDiscount
INFO: Discount applied
Dec. 05, 2025 7:17:09 P.M. ca.senecapolytechnic.application.apd545project.controllers.CheckoutController applyDiscount
INFO: Discount applied
Dec. 05, 2025 7:17:27 P.M. javafx.fxml.FXMLLoader$ValueElement processValue
WARNING: Loading FXML document with JavaFX API of version 24.0.1 by JavaFX runtime of version 17.0.14
Dec. 05, 2025 7:17:27 P.M. javafx.scene.CssStyleHelper calculateValue
WARNING: Could not resolve 'parent-width' while resolving lookups for '-fx-max-width' from inline style on Label@2e36c1ba[styleClass=label]'Administrator Interface (c) 2025 All Rights Reserved'
Dec. 05, 2025 7:17:27 P.M. javafx.scene.CssStyleHelper calculateValue
WARNING: Could not resolve 'parent-width' while resolving lookups for '-fx-max-width' from inline style on Label@2e36c1ba[styleClass=label]'Administrator Interface (c) 2025 All Rights Reserved'
Dec. 05, 2025 7:17:27 P.M. javafx.scene.CssStyleHelper calculateValue
WARNING: Could not resolve 'parent-width' while resolving lookups for '-fx-max-width' from inline style on Label@39d018e8[styleClass=label]'Vladislav Zolotukhin - 170945224'
Dec. 05, 2025 7:17:28 P.M. javafx.scene.CssStyleHelper calculateValue
WARNING: Could not resolve 'parent-width' while resolving lookups for '-fx-max-width' from inline style on Label@2e36c1ba[styleClass=label]'Administrator Interface (c) 2025 All Rights Reserved'
Dec. 05, 2025 7:17:28 P.M. javafx.scene.CssStyleHelper calculateValue
WARNING: Could not resolve 'parent-width' while resolving lookups for '-fx-max-width' from inline style on Label@39d018e8[styleClass=label]'Vladislav Zolotukhin - 170945224'
Dec. 05, 2025 7:18:04 P.M. ca.senecapolytechnic.application.apd545project.controllers.AdminController deactivateAdmin
INFO: Admin 'admin' logged out and deactivated.
Dec. 05, 2025 7:18:04 P.M. ca.senecapolytechnic.application.apd545project.controllers.AdminController logOut
INFO: Admin logged out and session cleared
Dec. 05, 2025 7:18:04 P.M. javafx.fxml.FXMLLoader$ValueElement processValue
WARNING: Loading FXML document with JavaFX API of version 24.0.1 by JavaFX runtime of version 17.0.14
Dec. 05, 2025 7:18:04 P.M. javafx.scene.CssStyleHelper calculateValue
WARNING: Could not resolve 'parent-width' while resolving lookups for '-fx-max-width' from inline style on Label@18417d9d[styleClass=label]'Welcome to the Come On Inn Hotel (c) 2025 All Rights Reserved'
Dec. 05, 2025 7:18:04 P.M. javafx.scene.CssStyleHelper calculateValue
WARNING: Could not resolve 'parent-width' while resolving lookups for '-fx-max-width' from inline style on Label@18417d9d[styleClass=label]'Welcome to the Come On Inn Hotel (c) 2025 All Rights Reserved'
Dec. 05, 2025 7:18:04 P.M. javafx.scene.CssStyleHelper calculateValue
WARNING: Could not resolve 'parent-width' while resolving lookups for '-fx-max-width' from inline style on Label@2d1a679e[styleClass=label]'Vladislav Zolotukhin - 170945224'
Dec. 05, 2025 7:18:04 P.M. javafx.scene.CssStyleHelper calculateValue
WARNING: Could not resolve 'parent-width' while resolving lookups for '-fx-max-width' from inline style on Label@18417d9d[styleClass=label]'Welcome to the Come On Inn Hotel (c) 2025 All Rights Reserved'
Dec. 05, 2025 7:18:04 P.M. javafx.scene.CssStyleHelper calculateValue
WARNING: Could not resolve 'parent-width' while resolving lookups for '-fx-max-width' from inline style on Label@2d1a679e[styleClass=label]'Vladislav Zolotukhin - 170945224'
Dec. 05, 2025 7:18:07 P.M. javafx.fxml.FXMLLoader$ValueElement processValue
WARNING: Loading FXML document with JavaFX API of version 24.0.1 by JavaFX runtime of version 17.0.14
Dec. 05, 2025 7:18:48 P.M. ca.senecapolytechnic.application.apd545project.controllers.FeedbackController handleSubmitFeedback
INFO: Submitting new feedback for reservation $11 by $Example SecondExample...
Dec. 05, 2025 7:18:49 P.M. javafx.fxml.FXMLLoader$ValueElement processValue
WARNING: Loading FXML document with JavaFX API of version 24.0.1 by JavaFX runtime of version 17.0.14
Dec. 05, 2025 7:18:49 P.M. javafx.scene.CssStyleHelper calculateValue
WARNING: Could not resolve 'parent-width' while resolving lookups for '-fx-max-width' from inline style on Label@260ae12f[styleClass=label]'Guest Interface (c) 2025 All Rights Reserved'
Dec. 05, 2025 7:18:49 P.M. javafx.scene.CssStyleHelper calculateValue
WARNING: Could not resolve 'parent-width' while resolving lookups for '-fx-max-width' from inline style on Label@260ae12f[styleClass=label]'Guest Interface (c) 2025 All Rights Reserved'
Dec. 05, 2025 7:18:49 P.M. javafx.scene.CssStyleHelper calculateValue
WARNING: Could not resolve 'parent-width' while resolving lookups for '-fx-max-width' from inline style on Label@19741912[styleClass=label]'Vladislav Zolotukhin - 170945224'
Dec. 05, 2025 7:18:49 P.M. javafx.scene.CssStyleHelper calculateValue
WARNING: Could not resolve 'parent-width' while resolving lookups for '-fx-max-width' from inline style on Label@260ae12f[styleClass=label]'Guest Interface (c) 2025 All Rights Reserved'
Dec. 05, 2025 7:18:49 P.M. javafx.scene.CssStyleHelper calculateValue
WARNING: Could not resolve 'parent-width' while resolving lookups for '-fx-max-width' from inline style on Label@19741912[styleClass=label]'Vladislav Zolotukhin - 170945224'
Dec. 05, 2025 7:18:52 P.M. javafx.fxml.FXMLLoader$ValueElement processValue
WARNING: Loading FXML document with JavaFX API of version 24.0.1 by JavaFX runtime of version 17.0.14
Dec. 05, 2025 7:18:52 P.M. javafx.scene.CssStyleHelper calculateValue
WARNING: Could not resolve 'parent-width' while resolving lookups for '-fx-max-width' from inline style on Label@5dbcc005[styleClass=label]'Welcome to the Come On Inn Hotel (c) 2025 All Rights Reserved'
Dec. 05, 2025 7:18:52 P.M. javafx.scene.CssStyleHelper calculateValue
WARNING: Could not resolve 'parent-width' while resolving lookups for '-fx-max-width' from inline style on Label@5dbcc005[styleClass=label]'Welcome to the Come On Inn Hotel (c) 2025 All Rights Reserved'
Dec. 05, 2025 7:18:52 P.M. javafx.scene.CssStyleHelper calculateValue
WARNING: Could not resolve 'parent-width' while resolving lookups for '-fx-max-width' from inline style on Label@228a0d33[styleClass=label]'Vladislav Zolotukhin - 170945224'
Dec. 05, 2025 7:18:52 P.M. javafx.scene.CssStyleHelper calculateValue
WARNING: Could not resolve 'parent-width' while resolving lookups for '-fx-max-width' from inline style on Label@5dbcc005[styleClass=label]'Welcome to the Come On Inn Hotel (c) 2025 All Rights Reserved'
Dec. 05, 2025 7:18:52 P.M. javafx.scene.CssStyleHelper calculateValue
WARNING: Could not resolve 'parent-width' while resolving lookups for '-fx-max-width' from inline style on Label@228a0d33[styleClass=label]'Vladislav Zolotukhin - 170945224'
Dec. 05, 2025 7:18:53 P.M. javafx.fxml.FXMLLoader$ValueElement processValue
WARNING: Loading FXML document with JavaFX API of version 24.0.1 by JavaFX runtime of version 17.0.14
Dec. 05, 2025 7:19:06 P.M. javafx.fxml.FXMLLoader$ValueElement processValue
WARNING: Loading FXML document with JavaFX API of version 24.0.1 by JavaFX runtime of version 17.0.14
Dec. 05, 2025 7:19:06 P.M. javafx.scene.CssStyleHelper calculateValue
WARNING: Could not resolve 'parent-width' while resolving lookups for '-fx-max-width' from inline style on Label@2837c3bb[styleClass=label]'Guest Interface (c) 2025 All Rights Reserved'
Dec. 05, 2025 7:19:06 P.M. javafx.scene.CssStyleHelper calculateValue
WARNING: Could not resolve 'parent-width' while resolving lookups for '-fx-max-width' from inline style on Label@2837c3bb[styleClass=label]'Guest Interface (c) 2025 All Rights Reserved'
Dec. 05, 2025 7:19:06 P.M. javafx.scene.CssStyleHelper calculateValue
WARNING: Could not resolve 'parent-width' while resolving lookups for '-fx-max-width' from inline style on Label@3cfc0474[styleClass=label]'Vladislav Zolotukhin - 170945224'
Dec. 05, 2025 7:19:06 P.M. javafx.scene.CssStyleHelper calculateValue
WARNING: Could not resolve 'parent-width' while resolving lookups for '-fx-max-width' from inline style on Label@2837c3bb[styleClass=label]'Guest Interface (c) 2025 All Rights Reserved'
Dec. 05, 2025 7:19:06 P.M. javafx.scene.CssStyleHelper calculateValue
WARNING: Could not resolve 'parent-width' while resolving lookups for '-fx-max-width' from inline style on Label@3cfc0474[styleClass=label]'Vladislav Zolotukhin - 170945224'
Dec. 05, 2025 7:19:07 P.M. javafx.fxml.FXMLLoader$ValueElement processValue
WARNING: Loading FXML document with JavaFX API of version 24.0.1 by JavaFX runtime of version 17.0.14
Dec. 05, 2025 7:19:07 P.M. javafx.scene.CssStyleHelper calculateValue
WARNING: Could not resolve 'parent-width' while resolving lookups for '-fx-max-width' from inline style on Label@7bc64b6f[styleClass=label]'Welcome to the Come On Inn Hotel (c) 2025 All Rights Reserved'
Dec. 05, 2025 7:19:07 P.M. javafx.scene.CssStyleHelper calculateValue
WARNING: Could not resolve 'parent-width' while resolving lookups for '-fx-max-width' from inline style on Label@7bc64b6f[styleClass=label]'Welcome to the Come On Inn Hotel (c) 2025 All Rights Reserved'
Dec. 05, 2025 7:19:07 P.M. javafx.scene.CssStyleHelper calculateValue
WARNING: Could not resolve 'parent-width' while resolving lookups for '-fx-max-width' from inline style on Label@5d041682[styleClass=label]'Vladislav Zolotukhin - 170945224'
Dec. 05, 2025 7:19:07 P.M. javafx.scene.CssStyleHelper calculateValue
WARNING: Could not resolve 'parent-width' while resolving lookups for '-fx-max-width' from inline style on Label@7bc64b6f[styleClass=label]'Welcome to the Come On Inn Hotel (c) 2025 All Rights Reserved'
Dec. 05, 2025 7:19:07 P.M. javafx.scene.CssStyleHelper calculateValue
WARNING: Could not resolve 'parent-width' while resolving lookups for '-fx-max-width' from inline style on Label@5d041682[styleClass=label]'Vladislav Zolotukhin - 170945224'
Dec. 05, 2025 7:19:08 P.M. javafx.fxml.FXMLLoader$ValueElement processValue
WARNING: Loading FXML document with JavaFX API of version 24.0.1 by JavaFX runtime of version 17.0.14
Dec. 05, 2025 7:19:15 P.M. ca.senecapolytechnic.application.apd545project.controllers.LoginController activateAdmin
INFO: Logged in as: Bob
Dec. 05, 2025 7:19:15 P.M. ca.senecapolytechnic.application.apd545project.controllers.LoginController activateAdmin
INFO: Role: MANAGER
Dec. 05, 2025 7:19:15 P.M. javafx.fxml.FXMLLoader$ValueElement processValue
WARNING: Loading FXML document with JavaFX API of version 24.0.1 by JavaFX runtime of version 17.0.14
Dec. 05, 2025 7:19:15 P.M. javafx.scene.CssStyleHelper calculateValue
WARNING: Could not resolve 'parent-width' while resolving lookups for '-fx-max-width' from inline style on Label@269e35b6[styleClass=label]'Administrator Interface (c) 2025 All Rights Reserved'
Dec. 05, 2025 7:19:15 P.M. javafx.scene.CssStyleHelper calculateValue
WARNING: Could not resolve 'parent-width' while resolving lookups for '-fx-max-width' from inline style on Label@269e35b6[styleClass=label]'Administrator Interface (c) 2025 All Rights Reserved'
Dec. 05, 2025 7:19:15 P.M. javafx.scene.CssStyleHelper calculateValue
WARNING: Could not resolve 'parent-width' while resolving lookups for '-fx-max-width' from inline style on Label@60866ba6[styleClass=label]'Vladislav Zolotukhin - 170945224'
Dec. 05, 2025 7:19:15 P.M. javafx.scene.CssStyleHelper calculateValue
WARNING: Could not resolve 'parent-width' while resolving lookups for '-fx-max-width' from inline style on Label@269e35b6[styleClass=label]'Administrator Interface (c) 2025 All Rights Reserved'
Dec. 05, 2025 7:19:15 P.M. javafx.scene.CssStyleHelper calculateValue
WARNING: Could not resolve 'parent-width' while resolving lookups for '-fx-max-width' from inline style on Label@60866ba6[styleClass=label]'Vladislav Zolotukhin - 170945224'
Dec. 05, 2025 7:19:55 P.M. javafx.fxml.FXMLLoader$ValueElement processValue
WARNING: Loading FXML document with JavaFX API of version 24.0.1 by JavaFX runtime of version 17.0.14
Dec. 05, 2025 7:20:14 P.M. ca.senecapolytechnic.application.apd545project.controllers.WaitlistController saveNewWaitlist
INFO: Saved new waitlist item for: Example SecondExample requesting PENTHOUSE
Dec. 05, 2025 7:20:21 P.M. javafx.fxml.FXMLLoader$ValueElement processValue
WARNING: Loading FXML document with JavaFX API of version 24.0.1 by JavaFX runtime of version 17.0.14
Dec. 05, 2025 7:20:21 P.M. javafx.scene.CssStyleHelper calculateValue
WARNING: Could not resolve 'parent-width' while resolving lookups for '-fx-max-width' from inline style on Label@1f2c532c[styleClass=label]'Administrator Interface (c) 2025 All Rights Reserved'
Dec. 05, 2025 7:20:21 P.M. javafx.scene.CssStyleHelper calculateValue
WARNING: Could not resolve 'parent-width' while resolving lookups for '-fx-max-width' from inline style on Label@1f2c532c[styleClass=label]'Administrator Interface (c) 2025 All Rights Reserved'
Dec. 05, 2025 7:20:21 P.M. javafx.scene.CssStyleHelper calculateValue
WARNING: Could not resolve 'parent-width' while resolving lookups for '-fx-max-width' from inline style on Label@3a2c8d08[styleClass=label]'Vladislav Zolotukhin - 170945224'
Dec. 05, 2025 7:20:21 P.M. javafx.scene.CssStyleHelper calculateValue
WARNING: Could not resolve 'parent-width' while resolving lookups for '-fx-max-width' from inline style on Label@1f2c532c[styleClass=label]'Administrator Interface (c) 2025 All Rights Reserved'
Dec. 05, 2025 7:20:21 P.M. javafx.scene.CssStyleHelper calculateValue
WARNING: Could not resolve 'parent-width' while resolving lookups for '-fx-max-width' from inline style on Label@3a2c8d08[styleClass=label]'Vladislav Zolotukhin - 170945224'
Dec. 05, 2025 7:20:33 P.M. javafx.fxml.FXMLLoader$ValueElement processValue
WARNING: Loading FXML document with JavaFX API of version 24.0.1 by JavaFX runtime of version 17.0.14
Dec. 05, 2025 7:20:33 P.M. ca.senecapolytechnic.application.apd545project.controllers.CheckoutController applyDiscount
INFO: Discount applied
Dec. 05, 2025 7:20:56 P.M. javafx.fxml.FXMLLoader$ValueElement processValue
WARNING: Loading FXML document with JavaFX API of version 24.0.1 by JavaFX runtime of version 17.0.14
Dec. 05, 2025 7:20:56 P.M. javafx.scene.CssStyleHelper calculateValue
WARNING: Could not resolve 'parent-width' while resolving lookups for '-fx-max-width' from inline style on Label@5b46d01d[styleClass=label]'Administrator Interface (c) 2025 All Rights Reserved'
Dec. 05, 2025 7:20:56 P.M. javafx.scene.CssStyleHelper calculateValue
WARNING: Could not resolve 'parent-width' while resolving lookups for '-fx-max-width' from inline style on Label@5b46d01d[styleClass=label]'Administrator Interface (c) 2025 All Rights Reserved'
Dec. 05, 2025 7:20:56 P.M. javafx.scene.CssStyleHelper calculateValue
WARNING: Could not resolve 'parent-width' while resolving lookups for '-fx-max-width' from inline style on Label@6df84fdf[styleClass=label]'Vladislav Zolotukhin - 170945224'
Dec. 05, 2025 7:20:56 P.M. javafx.scene.CssStyleHelper calculateValue
WARNING: Could not resolve 'parent-width' while resolving lookups for '-fx-max-width' from inline style on Label@5b46d01d[styleClass=label]'Administrator Interface (c) 2025 All Rights Reserved'
Dec. 05, 2025 7:20:56 P.M. javafx.scene.CssStyleHelper calculateValue
WARNING: Could not resolve 'parent-width' while resolving lookups for '-fx-max-width' from inline style on Label@6df84fdf[styleClass=label]'Vladislav Zolotukhin - 170945224'
Dec. 05, 2025 7:20:58 P.M. javafx.fxml.FXMLLoader$ValueElement processValue
WARNING: Loading FXML document with JavaFX API of version 24.0.1 by JavaFX runtime of version 17.0.14
Dec. 05, 2025 7:20:58 P.M. ca.senecapolytechnic.application.apd545project.controllers.CheckoutController applyDiscount
INFO: Discount applied
Dec. 05, 2025 7:21:13 P.M. javafx.fxml.FXMLLoader$ValueElement processValue
WARNING: Loading FXML document with JavaFX API of version 24.0.1 by JavaFX runtime of version 17.0.14
Dec. 05, 2025 7:21:13 P.M. javafx.scene.CssStyleHelper calculateValue
WARNING: Could not resolve 'parent-width' while resolving lookups for '-fx-max-width' from inline style on Label@53f33fff[styleClass=label]'Administrator Interface (c) 2025 All Rights Reserved'
Dec. 05, 2025 7:21:13 P.M. javafx.scene.CssStyleHelper calculateValue
WARNING: Could not resolve 'parent-width' while resolving lookups for '-fx-max-width' from inline style on Label@53f33fff[styleClass=label]'Administrator Interface (c) 2025 All Rights Reserved'
Dec. 05, 2025 7:21:13 P.M. javafx.scene.CssStyleHelper calculateValue
WARNING: Could not resolve 'parent-width' while resolving lookups for '-fx-max-width' from inline style on Label@44a887a2[styleClass=label]'Vladislav Zolotukhin - 170945224'
Dec. 05, 2025 7:21:13 P.M. javafx.scene.CssStyleHelper calculateValue
WARNING: Could not resolve 'parent-width' while resolving lookups for '-fx-max-width' from inline style on Label@53f33fff[styleClass=label]'Administrator Interface (c) 2025 All Rights Reserved'
Dec. 05, 2025 7:21:13 P.M. javafx.scene.CssStyleHelper calculateValue
WARNING: Could not resolve 'parent-width' while resolving lookups for '-fx-max-width' from inline style on Label@44a887a2[styleClass=label]'Vladislav Zolotukhin - 170945224'
Dec. 05, 2025 7:21:21 P.M. javafx.fxml.FXMLLoader$ValueElement processValue
WARNING: Loading FXML document with JavaFX API of version 24.0.1 by JavaFX runtime of version 17.0.14
Dec. 05, 2025 7:21:21 P.M. ca.senecapolytechnic.application.apd545project.controllers.CheckoutController applyDiscount
INFO: Discount applied
Dec. 05, 2025 7:21:28 P.M. javafx.fxml.FXMLLoader$ValueElement processValue
WARNING: Loading FXML document with JavaFX API of version 24.0.1 by JavaFX runtime of version 17.0.14
Dec. 05, 2025 7:21:28 P.M. ca.senecapolytechnic.application.apd545project.controllers.CheckoutController applyDiscount
INFO: Discount applied
Dec. 05, 2025 7:21:28 P.M. ca.senecapolytechnic.application.apd545project.controllers.CheckoutController applyDiscount
INFO: Discount applied
Dec. 05, 2025 7:21:56 P.M. javafx.fxml.FXMLLoader$ValueElement processValue
WARNING: Loading FXML document with JavaFX API of version 24.0.1 by JavaFX runtime of version 17.0.14
Dec. 05, 2025 7:21:56 P.M. javafx.scene.CssStyleHelper calculateValue
WARNING: Could not resolve 'parent-width' while resolving lookups for '-fx-max-width' from inline style on Label@77f94a0[styleClass=label]'Administrator Interface (c) 2025 All Rights Reserved'
Dec. 05, 2025 7:21:56 P.M. javafx.scene.CssStyleHelper calculateValue
WARNING: Could not resolve 'parent-width' while resolving lookups for '-fx-max-width' from inline style on Label@77f94a0[styleClass=label]'Administrator Interface (c) 2025 All Rights Reserved'
Dec. 05, 2025 7:21:56 P.M. javafx.scene.CssStyleHelper calculateValue
WARNING: Could not resolve 'parent-width' while resolving lookups for '-fx-max-width' from inline style on Label@1b75a304[styleClass=label]'Vladislav Zolotukhin - 170945224'
Dec. 05, 2025 7:21:56 P.M. javafx.scene.CssStyleHelper calculateValue
WARNING: Could not resolve 'parent-width' while resolving lookups for '-fx-max-width' from inline style on Label@77f94a0[styleClass=label]'Administrator Interface (c) 2025 All Rights Reserved'
Dec. 05, 2025 7:21:56 P.M. javafx.scene.CssStyleHelper calculateValue
WARNING: Could not resolve 'parent-width' while resolving lookups for '-fx-max-width' from inline style on Label@1b75a304[styleClass=label]'Vladislav Zolotukhin - 170945224'
Dec. 05, 2025 7:21:59 P.M. ca.senecapolytechnic.application.apd545project.controllers.AdminController handleCheckout
INFO: Couldn't checkout reservation: Already checked out
Dec. 05, 2025 7:22:04 P.M. ca.senecapolytechnic.application.apd545project.controllers.AdminController handleCheckout
INFO: Viewing payment history
Dec. 05, 2025 7:22:04 P.M. javafx.fxml.FXMLLoader$ValueElement processValue
WARNING: Loading FXML document with JavaFX API of version 24.0.1 by JavaFX runtime of version 17.0.14
Dec. 05, 2025 7:22:04 P.M. ca.senecapolytechnic.application.apd545project.controllers.CheckoutController applyDiscount
INFO: Discount applied
Dec. 05, 2025 7:22:04 P.M. ca.senecapolytechnic.application.apd545project.controllers.AdminController handleCheckout
INFO: Checkout prevented. Reservation already checked out.
Dec. 05, 2025 7:22:06 P.M. javafx.fxml.FXMLLoader$ValueElement processValue
WARNING: Loading FXML document with JavaFX API of version 24.0.1 by JavaFX runtime of version 17.0.14
Dec. 05, 2025 7:22:06 P.M. ca.senecapolytechnic.application.apd545project.controllers.CheckoutController applyDiscount
INFO: Discount applied
Dec. 05, 2025 7:22:06 P.M. ca.senecapolytechnic.application.apd545project.controllers.CheckoutController applyDiscount
INFO: Discount applied
Dec. 05, 2025 7:22:09 P.M. javafx.fxml.FXMLLoader$ValueElement processValue
WARNING: Loading FXML document with JavaFX API of version 24.0.1 by JavaFX runtime of version 17.0.14
Dec. 05, 2025 7:22:09 P.M. javafx.scene.CssStyleHelper calculateValue
WARNING: Could not resolve 'parent-width' while resolving lookups for '-fx-max-width' from inline style on Label@2054479e[styleClass=label]'Administrator Interface (c) 2025 All Rights Reserved'
Dec. 05, 2025 7:22:09 P.M. javafx.scene.CssStyleHelper calculateValue
WARNING: Could not resolve 'parent-width' while resolving lookups for '-fx-max-width' from inline style on Label@2054479e[styleClass=label]'Administrator Interface (c) 2025 All Rights Reserved'
Dec. 05, 2025 7:22:09 P.M. javafx.scene.CssStyleHelper calculateValue
WARNING: Could not resolve 'parent-width' while resolving lookups for '-fx-max-width' from inline style on Label@137083a3[styleClass=label]'Vladislav Zolotukhin - 170945224'
Dec. 05, 2025 7:22:09 P.M. javafx.scene.CssStyleHelper calculateValue
WARNING: Could not resolve 'parent-width' while resolving lookups for '-fx-max-width' from inline style on Label@2054479e[styleClass=label]'Administrator Interface (c) 2025 All Rights Reserved'
Dec. 05, 2025 7:22:09 P.M. javafx.scene.CssStyleHelper calculateValue
WARNING: Could not resolve 'parent-width' while resolving lookups for '-fx-max-width' from inline style on Label@137083a3[styleClass=label]'Vladislav Zolotukhin - 170945224'
Dec. 05, 2025 7:22:28 P.M. javafx.fxml.FXMLLoader$ValueElement processValue
WARNING: Loading FXML document with JavaFX API of version 24.0.1 by JavaFX runtime of version 17.0.14
Dec. 05, 2025 7:22:28 P.M. ca.senecapolytechnic.application.apd545project.controllers.CheckoutController applyDiscount
INFO: Discount applied
Dec. 05, 2025 7:22:41 P.M. javafx.fxml.FXMLLoader$ValueElement processValue
WARNING: Loading FXML document with JavaFX API of version 24.0.1 by JavaFX runtime of version 17.0.14
Dec. 05, 2025 7:22:41 P.M. javafx.scene.CssStyleHelper calculateValue
WARNING: Could not resolve 'parent-width' while resolving lookups for '-fx-max-width' from inline style on Label@3e3fc86d[styleClass=label]'Administrator Interface (c) 2025 All Rights Reserved'
Dec. 05, 2025 7:22:41 P.M. javafx.scene.CssStyleHelper calculateValue
WARNING: Could not resolve 'parent-width' while resolving lookups for '-fx-max-width' from inline style on Label@3e3fc86d[styleClass=label]'Administrator Interface (c) 2025 All Rights Reserved'
Dec. 05, 2025 7:22:41 P.M. javafx.scene.CssStyleHelper calculateValue
WARNING: Could not resolve 'parent-width' while resolving lookups for '-fx-max-width' from inline style on Label@92974fc[styleClass=label]'Vladislav Zolotukhin - 170945224'
Dec. 05, 2025 7:22:41 P.M. javafx.scene.CssStyleHelper calculateValue
WARNING: Could not resolve 'parent-width' while resolving lookups for '-fx-max-width' from inline style on Label@3e3fc86d[styleClass=label]'Administrator Interface (c) 2025 All Rights Reserved'
Dec. 05, 2025 7:22:41 P.M. javafx.scene.CssStyleHelper calculateValue
WARNING: Could not resolve 'parent-width' while resolving lookups for '-fx-max-width' from inline style on Label@92974fc[styleClass=label]'Vladislav Zolotukhin - 170945224'
Dec. 05, 2025 7:22:44 P.M. javafx.fxml.FXMLLoader$ValueElement processValue
WARNING: Loading FXML document with JavaFX API of version 24.0.1 by JavaFX runtime of version 17.0.14
Dec. 05, 2025 7:22:47 P.M. javafx.fxml.FXMLLoader$ValueElement processValue
WARNING: Loading FXML document with JavaFX API of version 24.0.1 by JavaFX runtime of version 17.0.14
Dec. 05, 2025 7:22:47 P.M. javafx.scene.CssStyleHelper calculateValue
WARNING: Could not resolve 'parent-width' while resolving lookups for '-fx-max-width' from inline style on Label@2f6c9d09[styleClass=label]'Administrator Interface (c) 2025 All Rights Reserved'
Dec. 05, 2025 7:22:47 P.M. javafx.scene.CssStyleHelper calculateValue
WARNING: Could not resolve 'parent-width' while resolving lookups for '-fx-max-width' from inline style on Label@2f6c9d09[styleClass=label]'Administrator Interface (c) 2025 All Rights Reserved'
Dec. 05, 2025 7:22:47 P.M. javafx.scene.CssStyleHelper calculateValue
WARNING: Could not resolve 'parent-width' while resolving lookups for '-fx-max-width' from inline style on Label@71ea9f68[styleClass=label]'Vladislav Zolotukhin - 170945224'
Dec. 05, 2025 7:22:47 P.M. javafx.scene.CssStyleHelper calculateValue
WARNING: Could not resolve 'parent-width' while resolving lookups for '-fx-max-width' from inline style on Label@2f6c9d09[styleClass=label]'Administrator Interface (c) 2025 All Rights Reserved'
Dec. 05, 2025 7:22:47 P.M. javafx.scene.CssStyleHelper calculateValue
WARNING: Could not resolve 'parent-width' while resolving lookups for '-fx-max-width' from inline style on Label@71ea9f68[styleClass=label]'Vladislav Zolotukhin - 170945224'
Dec. 05, 2025 7:22:57 P.M. javafx.fxml.FXMLLoader$ValueElement processValue
WARNING: Loading FXML document with JavaFX API of version 24.0.1 by JavaFX runtime of version 17.0.14
Dec. 05, 2025 7:23:06 P.M. ca.senecapolytechnic.application.apd545project.controllers.WaitlistController saveNewWaitlist
INFO: Saved new waitlist item for: Frodo Baggins requesting SINGLE
Dec. 05, 2025 7:23:07 P.M. javafx.fxml.FXMLLoader$ValueElement processValue
WARNING: Loading FXML document with JavaFX API of version 24.0.1 by JavaFX runtime of version 17.0.14
Dec. 05, 2025 7:23:07 P.M. javafx.scene.CssStyleHelper calculateValue
WARNING: Could not resolve 'parent-width' while resolving lookups for '-fx-max-width' from inline style on Label@1b5cf531[styleClass=label]'Administrator Interface (c) 2025 All Rights Reserved'
Dec. 05, 2025 7:23:07 P.M. javafx.scene.CssStyleHelper calculateValue
WARNING: Could not resolve 'parent-width' while resolving lookups for '-fx-max-width' from inline style on Label@1b5cf531[styleClass=label]'Administrator Interface (c) 2025 All Rights Reserved'
Dec. 05, 2025 7:23:07 P.M. javafx.scene.CssStyleHelper calculateValue
WARNING: Could not resolve 'parent-width' while resolving lookups for '-fx-max-width' from inline style on Label@8cc09af[styleClass=label]'Vladislav Zolotukhin - 170945224'
Dec. 05, 2025 7:23:07 P.M. javafx.scene.CssStyleHelper calculateValue
WARNING: Could not resolve 'parent-width' while resolving lookups for '-fx-max-width' from inline style on Label@1b5cf531[styleClass=label]'Administrator Interface (c) 2025 All Rights Reserved'
Dec. 05, 2025 7:23:07 P.M. javafx.scene.CssStyleHelper calculateValue
WARNING: Could not resolve 'parent-width' while resolving lookups for '-fx-max-width' from inline style on Label@8cc09af[styleClass=label]'Vladislav Zolotukhin - 170945224'
Dec. 05, 2025 7:23:26 P.M. javafx.fxml.FXMLLoader$ValueElement processValue
WARNING: Loading FXML document with JavaFX API of version 24.0.1 by JavaFX runtime of version 17.0.14
Dec. 05, 2025 7:23:37 P.M. javafx.fxml.FXMLLoader$ValueElement processValue
WARNING: Loading FXML document with JavaFX API of version 24.0.1 by JavaFX runtime of version 17.0.14
Dec. 05, 2025 7:23:37 P.M. javafx.scene.CssStyleHelper calculateValue
WARNING: Could not resolve 'parent-width' while resolving lookups for '-fx-max-width' from inline style on Label@28c7dfce[styleClass=label]'Administrator Interface (c) 2025 All Rights Reserved'
Dec. 05, 2025 7:23:37 P.M. javafx.scene.CssStyleHelper calculateValue
WARNING: Could not resolve 'parent-width' while resolving lookups for '-fx-max-width' from inline style on Label@28c7dfce[styleClass=label]'Administrator Interface (c) 2025 All Rights Reserved'
Dec. 05, 2025 7:23:37 P.M. javafx.scene.CssStyleHelper calculateValue
WARNING: Could not resolve 'parent-width' while resolving lookups for '-fx-max-width' from inline style on Label@472e1413[styleClass=label]'Vladislav Zolotukhin - 170945224'
Dec. 05, 2025 7:23:37 P.M. javafx.scene.CssStyleHelper calculateValue
WARNING: Could not resolve 'parent-width' while resolving lookups for '-fx-max-width' from inline style on Label@28c7dfce[styleClass=label]'Administrator Interface (c) 2025 All Rights Reserved'
Dec. 05, 2025 7:23:37 P.M. javafx.scene.CssStyleHelper calculateValue
WARNING: Could not resolve 'parent-width' while resolving lookups for '-fx-max-width' from inline style on Label@472e1413[styleClass=label]'Vladislav Zolotukhin - 170945224'
Dec. 05, 2025 7:24:28 P.M. javafx.fxml.FXMLLoader$ValueElement processValue
WARNING: Loading FXML document with JavaFX API of version 24.0.1 by JavaFX runtime of version 17.0.14
Dec. 05, 2025 8:34:05 P.M. ca.senecapolytechnic.application.apd545project.controllers.AdminController deactivateAdmin
INFO: Admin 'Bob' logged out and deactivated.
Dec. 05, 2025 8:34:05 P.M. ca.senecapolytechnic.application.apd545project.controllers.AdminController logOut
INFO: Admin logged out and session cleared
Dec. 05, 2025 8:34:05 P.M. javafx.fxml.FXMLLoader$ValueElement processValue
WARNING: Loading FXML document with JavaFX API of version 24.0.1 by JavaFX runtime of version 17.0.14
Dec. 05, 2025 8:34:05 P.M. javafx.scene.CssStyleHelper calculateValue
WARNING: Could not resolve 'parent-width' while resolving lookups for '-fx-max-width' from inline style on Label@778f97a8[styleClass=label]'Welcome to the Come On Inn Hotel (c) 2025 All Rights Reserved'
Dec. 05, 2025 8:34:05 P.M. javafx.scene.CssStyleHelper calculateValue
WARNING: Could not resolve 'parent-width' while resolving lookups for '-fx-max-width' from inline style on Label@778f97a8[styleClass=label]'Welcome to the Come On Inn Hotel (c) 2025 All Rights Reserved'
Dec. 05, 2025 8:34:05 P.M. javafx.scene.CssStyleHelper calculateValue
WARNING: Could not resolve 'parent-width' while resolving lookups for '-fx-max-width' from inline style on Label@7465628b[styleClass=label]'Vladislav Zolotukhin - 170945224'
Dec. 05, 2025 8:34:05 P.M. javafx.scene.CssStyleHelper calculateValue
WARNING: Could not resolve 'parent-width' while resolving lookups for '-fx-max-width' from inline style on Label@778f97a8[styleClass=label]'Welcome to the Come On Inn Hotel (c) 2025 All Rights Reserved'
Dec. 05, 2025 8:34:05 P.M. javafx.scene.CssStyleHelper calculateValue
WARNING: Could not resolve 'parent-width' while resolving lookups for '-fx-max-width' from inline style on Label@7465628b[styleClass=label]'Vladislav Zolotukhin - 170945224'
Dec. 05, 2025 8:34:06 P.M. javafx.fxml.FXMLLoader$ValueElement processValue
WARNING: Loading FXML document with JavaFX API of version 24.0.1 by JavaFX runtime of version 17.0.14
Dec. 05, 2025 8:34:11 P.M. ca.senecapolytechnic.application.apd545project.controllers.LoginController activateAdmin
INFO: Logged in as: Bob
Dec. 05, 2025 8:34:11 P.M. ca.senecapolytechnic.application.apd545project.controllers.LoginController activateAdmin
INFO: Role: MANAGER
Dec. 05, 2025 8:34:11 P.M. javafx.fxml.FXMLLoader$ValueElement processValue
WARNING: Loading FXML document with JavaFX API of version 24.0.1 by JavaFX runtime of version 17.0.14
Dec. 05, 2025 8:34:11 P.M. javafx.scene.CssStyleHelper calculateValue
WARNING: Could not resolve 'parent-width' while resolving lookups for '-fx-max-width' from inline style on Label@1fcbad44[styleClass=label]'Administrator Interface (c) 2025 All Rights Reserved'
Dec. 05, 2025 8:34:11 P.M. javafx.scene.CssStyleHelper calculateValue
WARNING: Could not resolve 'parent-width' while resolving lookups for '-fx-max-width' from inline style on Label@1fcbad44[styleClass=label]'Administrator Interface (c) 2025 All Rights Reserved'
Dec. 05, 2025 8:34:12 P.M. javafx.scene.CssStyleHelper calculateValue
WARNING: Could not resolve 'parent-width' while resolving lookups for '-fx-max-width' from inline style on Label@72c3834f[styleClass=label]'Vladislav Zolotukhin - 170945224'
Dec. 05, 2025 8:34:12 P.M. javafx.scene.CssStyleHelper calculateValue
WARNING: Could not resolve 'parent-width' while resolving lookups for '-fx-max-width' from inline style on Label@1fcbad44[styleClass=label]'Administrator Interface (c) 2025 All Rights Reserved'
Dec. 05, 2025 8:34:12 P.M. javafx.scene.CssStyleHelper calculateValue
WARNING: Could not resolve 'parent-width' while resolving lookups for '-fx-max-width' from inline style on Label@72c3834f[styleClass=label]'Vladislav Zolotukhin - 170945224'
Dec. 05, 2025 8:35:35 P.M. javafx.fxml.FXMLLoader$ValueElement processValue
WARNING: Loading FXML document with JavaFX API of version 24.0.1 by JavaFX runtime of version 17.0.14
Dec. 05, 2025 8:35:35 P.M. ca.senecapolytechnic.application.apd545project.controllers.CheckoutController applyDiscount
INFO: Discount applied
Dec. 05, 2025 8:36:11 P.M. javafx.fxml.FXMLLoader$ValueElement processValue
WARNING: Loading FXML document with JavaFX API of version 24.0.1 by JavaFX runtime of version 17.0.14
Dec. 05, 2025 8:36:11 P.M. ca.senecapolytechnic.application.apd545project.controllers.CheckoutController applyDiscount
INFO: Discount applied
Dec. 05, 2025 8:36:11 P.M. ca.senecapolytechnic.application.apd545project.controllers.CheckoutController applyDiscount
INFO: Discount applied
Dec. 05, 2025 8:36:16 P.M. javafx.fxml.FXMLLoader$ValueElement processValue
WARNING: Loading FXML document with JavaFX API of version 24.0.1 by JavaFX runtime of version 17.0.14
Dec. 05, 2025 8:36:16 P.M. javafx.scene.CssStyleHelper calculateValue
WARNING: Could not resolve 'parent-width' while resolving lookups for '-fx-max-width' from inline style on Label@474f72da[styleClass=label]'Administrator Interface (c) 2025 All Rights Reserved'
Dec. 05, 2025 8:36:16 P.M. javafx.scene.CssStyleHelper calculateValue
WARNING: Could not resolve 'parent-width' while resolving lookups for '-fx-max-width' from inline style on Label@474f72da[styleClass=label]'Administrator Interface (c) 2025 All Rights Reserved'
Dec. 05, 2025 8:36:16 P.M. javafx.scene.CssStyleHelper calculateValue
WARNING: Could not resolve 'parent-width' while resolving lookups for '-fx-max-width' from inline style on Label@62de7241[styleClass=label]'Vladislav Zolotukhin - 170945224'
Dec. 05, 2025 8:36:16 P.M. javafx.scene.CssStyleHelper calculateValue
WARNING: Could not resolve 'parent-width' while resolving lookups for '-fx-max-width' from inline style on Label@474f72da[styleClass=label]'Administrator Interface (c) 2025 All Rights Reserved'
Dec. 05, 2025 8:36:16 P.M. javafx.scene.CssStyleHelper calculateValue
WARNING: Could not resolve 'parent-width' while resolving lookups for '-fx-max-width' from inline style on Label@62de7241[styleClass=label]'Vladislav Zolotukhin - 170945224'
Dec. 05, 2025 8:36:17 P.M. ca.senecapolytechnic.application.apd545project.controllers.AdminController handleCheckout
INFO: Couldn't checkout reservation: Already checked out
Dec. 05, 2025 8:38:00 P.M. ca.senecapolytechnic.application.apd545project.controllers.AdminController handleCheckout
INFO: Viewing payment history
Dec. 05, 2025 8:38:00 P.M. javafx.fxml.FXMLLoader$ValueElement processValue
WARNING: Loading FXML document with JavaFX API of version 24.0.1 by JavaFX runtime of version 17.0.14
Dec. 05, 2025 8:38:00 P.M. ca.senecapolytechnic.application.apd545project.controllers.CheckoutController applyDiscount
INFO: Discount applied
Dec. 05, 2025 8:38:00 P.M. ca.senecapolytechnic.application.apd545project.controllers.AdminController handleCheckout
INFO: Checkout prevented. Reservation already checked out.
Dec. 05, 2025 8:38:00 P.M. javafx.fxml.FXMLLoader$ValueElement processValue
WARNING: Loading FXML document with JavaFX API of version 24.0.1 by JavaFX runtime of version 17.0.14
Dec. 05, 2025 8:38:00 P.M. ca.senecapolytechnic.application.apd545project.controllers.CheckoutController applyDiscount
INFO: Discount applied
Dec. 05, 2025 8:38:00 P.M. ca.senecapolytechnic.application.apd545project.controllers.CheckoutController applyDiscount
INFO: Discount applied
Dec. 05, 2025 8:38:31 P.M. javafx.fxml.FXMLLoader$ValueElement processValue
WARNING: Loading FXML document with JavaFX API of version 24.0.1 by JavaFX runtime of version 17.0.14
Dec. 05, 2025 8:38:31 P.M. javafx.scene.CssStyleHelper calculateValue
WARNING: Could not resolve 'parent-width' while resolving lookups for '-fx-max-width' from inline style on Label@213347fc[styleClass=label]'Administrator Interface (c) 2025 All Rights Reserved'
Dec. 05, 2025 8:38:31 P.M. javafx.scene.CssStyleHelper calculateValue
WARNING: Could not resolve 'parent-width' while resolving lookups for '-fx-max-width' from inline style on Label@213347fc[styleClass=label]'Administrator Interface (c) 2025 All Rights Reserved'
Dec. 05, 2025 8:38:31 P.M. javafx.scene.CssStyleHelper calculateValue
WARNING: Could not resolve 'parent-width' while resolving lookups for '-fx-max-width' from inline style on Label@30c967f0[styleClass=label]'Vladislav Zolotukhin - 170945224'
Dec. 05, 2025 8:38:31 P.M. javafx.scene.CssStyleHelper calculateValue
WARNING: Could not resolve 'parent-width' while resolving lookups for '-fx-max-width' from inline style on Label@213347fc[styleClass=label]'Administrator Interface (c) 2025 All Rights Reserved'
Dec. 05, 2025 8:38:31 P.M. javafx.scene.CssStyleHelper calculateValue
WARNING: Could not resolve 'parent-width' while resolving lookups for '-fx-max-width' from inline style on Label@30c967f0[styleClass=label]'Vladislav Zolotukhin - 170945224'
Dec. 05, 2025 8:38:37 P.M. javafx.fxml.FXMLLoader$ValueElement processValue
WARNING: Loading FXML document with JavaFX API of version 24.0.1 by JavaFX runtime of version 17.0.14
Dec. 05, 2025 8:39:23 P.M. javafx.fxml.FXMLLoader$ValueElement processValue
WARNING: Loading FXML document with JavaFX API of version 24.0.1 by JavaFX runtime of version 17.0.14
Dec. 05, 2025 8:39:58 P.M. javafx.fxml.FXMLLoader$ValueElement processValue
WARNING: Loading FXML document with JavaFX API of version 24.0.1 by JavaFX runtime of version 17.0.14
Dec. 05, 2025 8:39:58 P.M. javafx.scene.CssStyleHelper calculateValue
WARNING: Could not resolve 'parent-width' while resolving lookups for '-fx-max-width' from inline style on Label@4f8d9e55[styleClass=label]'Administrator Interface (c) 2025 All Rights Reserved'
Dec. 05, 2025 8:39:58 P.M. javafx.scene.CssStyleHelper calculateValue
WARNING: Could not resolve 'parent-width' while resolving lookups for '-fx-max-width' from inline style on Label@4f8d9e55[styleClass=label]'Administrator Interface (c) 2025 All Rights Reserved'
Dec. 05, 2025 8:39:58 P.M. javafx.scene.CssStyleHelper calculateValue
WARNING: Could not resolve 'parent-width' while resolving lookups for '-fx-max-width' from inline style on Label@3218b00d[styleClass=label]'Vladislav Zolotukhin - 170945224'
Dec. 05, 2025 8:39:58 P.M. javafx.scene.CssStyleHelper calculateValue
WARNING: Could not resolve 'parent-width' while resolving lookups for '-fx-max-width' from inline style on Label@4f8d9e55[styleClass=label]'Administrator Interface (c) 2025 All Rights Reserved'
Dec. 05, 2025 8:39:58 P.M. javafx.scene.CssStyleHelper calculateValue
WARNING: Could not resolve 'parent-width' while resolving lookups for '-fx-max-width' from inline style on Label@3218b00d[styleClass=label]'Vladislav Zolotukhin - 170945224'
Dec. 05, 2025 8:40:01 P.M. ca.senecapolytechnic.application.apd545project.controllers.AdminController deactivateAdmin
INFO: Admin 'Bob' logged out and deactivated.
Dec. 05, 2025 8:40:01 P.M. ca.senecapolytechnic.application.apd545project.controllers.AdminController logOut
INFO: Admin logged out and session cleared
Dec. 05, 2025 8:40:01 P.M. javafx.fxml.FXMLLoader$ValueElement processValue
WARNING: Loading FXML document with JavaFX API of version 24.0.1 by JavaFX runtime of version 17.0.14
Dec. 05, 2025 8:40:01 P.M. javafx.scene.CssStyleHelper calculateValue
WARNING: Could not resolve 'parent-width' while resolving lookups for '-fx-max-width' from inline style on Label@5b4c5381[styleClass=label]'Welcome to the Come On Inn Hotel (c) 2025 All Rights Reserved'
Dec. 05, 2025 8:40:01 P.M. javafx.scene.CssStyleHelper calculateValue
WARNING: Could not resolve 'parent-width' while resolving lookups for '-fx-max-width' from inline style on Label@5b4c5381[styleClass=label]'Welcome to the Come On Inn Hotel (c) 2025 All Rights Reserved'
Dec. 05, 2025 8:40:01 P.M. javafx.scene.CssStyleHelper calculateValue
WARNING: Could not resolve 'parent-width' while resolving lookups for '-fx-max-width' from inline style on Label@186e7ff6[styleClass=label]'Vladislav Zolotukhin - 170945224'
Dec. 05, 2025 8:40:01 P.M. javafx.scene.CssStyleHelper calculateValue
WARNING: Could not resolve 'parent-width' while resolving lookups for '-fx-max-width' from inline style on Label@5b4c5381[styleClass=label]'Welcome to the Come On Inn Hotel (c) 2025 All Rights Reserved'
Dec. 05, 2025 8:40:01 P.M. javafx.scene.CssStyleHelper calculateValue
WARNING: Could not resolve 'parent-width' while resolving lookups for '-fx-max-width' from inline style on Label@186e7ff6[styleClass=label]'Vladislav Zolotukhin - 170945224'
Dec. 05, 2025 8:40:17 P.M. javafx.fxml.FXMLLoader$ValueElement processValue
WARNING: Loading FXML document with JavaFX API of version 24.0.1 by JavaFX runtime of version 17.0.14
Dec. 05, 2025 8:40:41 P.M. javafx.fxml.FXMLLoader$ValueElement processValue
WARNING: Loading FXML document with JavaFX API of version 24.0.1 by JavaFX runtime of version 17.0.14
Dec. 05, 2025 8:41:06 P.M. javafx.fxml.FXMLLoader$ValueElement processValue
WARNING: Loading FXML document with JavaFX API of version 24.0.1 by JavaFX runtime of version 17.0.14
Dec. 05, 2025 8:41:06 P.M. javafx.scene.CssStyleHelper calculateValue
WARNING: Could not resolve 'parent-width' while resolving lookups for '-fx-max-width' from inline style on Label@35939eee[styleClass=label]'Guest Interface (c) 2025 All Rights Reserved'
Dec. 05, 2025 8:41:06 P.M. javafx.scene.CssStyleHelper calculateValue
WARNING: Could not resolve 'parent-width' while resolving lookups for '-fx-max-width' from inline style on Label@35939eee[styleClass=label]'Guest Interface (c) 2025 All Rights Reserved'
Dec. 05, 2025 8:41:06 P.M. javafx.scene.CssStyleHelper calculateValue
WARNING: Could not resolve 'parent-width' while resolving lookups for '-fx-max-width' from inline style on Label@5ac77816[styleClass=label]'Vladislav Zolotukhin - 170945224'
Dec. 05, 2025 8:41:06 P.M. javafx.scene.CssStyleHelper calculateValue
WARNING: Could not resolve 'parent-width' while resolving lookups for '-fx-max-width' from inline style on Label@35939eee[styleClass=label]'Guest Interface (c) 2025 All Rights Reserved'
Dec. 05, 2025 8:41:06 P.M. javafx.scene.CssStyleHelper calculateValue
WARNING: Could not resolve 'parent-width' while resolving lookups for '-fx-max-width' from inline style on Label@5ac77816[styleClass=label]'Vladislav Zolotukhin - 170945224'
Dec. 05, 2025 8:41:09 P.M. javafx.fxml.FXMLLoader$ValueElement processValue
WARNING: Loading FXML document with JavaFX API of version 24.0.1 by JavaFX runtime of version 17.0.14
Dec. 05, 2025 8:41:09 P.M. javafx.scene.CssStyleHelper calculateValue
WARNING: Could not resolve 'parent-width' while resolving lookups for '-fx-max-width' from inline style on Label@423a12f8[styleClass=label]'Welcome to the Come On Inn Hotel (c) 2025 All Rights Reserved'
Dec. 05, 2025 8:41:09 P.M. javafx.scene.CssStyleHelper calculateValue
WARNING: Could not resolve 'parent-width' while resolving lookups for '-fx-max-width' from inline style on Label@423a12f8[styleClass=label]'Welcome to the Come On Inn Hotel (c) 2025 All Rights Reserved'
Dec. 05, 2025 8:41:09 P.M. javafx.scene.CssStyleHelper calculateValue
WARNING: Could not resolve 'parent-width' while resolving lookups for '-fx-max-width' from inline style on Label@799fd2d6[styleClass=label]'Vladislav Zolotukhin - 170945224'
Dec. 05, 2025 8:41:09 P.M. javafx.scene.CssStyleHelper calculateValue
WARNING: Could not resolve 'parent-width' while resolving lookups for '-fx-max-width' from inline style on Label@423a12f8[styleClass=label]'Welcome to the Come On Inn Hotel (c) 2025 All Rights Reserved'
Dec. 05, 2025 8:41:09 P.M. javafx.scene.CssStyleHelper calculateValue
WARNING: Could not resolve 'parent-width' while resolving lookups for '-fx-max-width' from inline style on Label@799fd2d6[styleClass=label]'Vladislav Zolotukhin - 170945224'
Dec. 05, 2025 8:41:10 P.M. javafx.fxml.FXMLLoader$ValueElement processValue
WARNING: Loading FXML document with JavaFX API of version 24.0.1 by JavaFX runtime of version 17.0.14
Dec. 05, 2025 8:41:34 P.M. ca.senecapolytechnic.application.apd545project.controllers.LoginController activateAdmin
INFO: Logged in as: Bob
Dec. 05, 2025 8:41:34 P.M. ca.senecapolytechnic.application.apd545project.controllers.LoginController activateAdmin
INFO: Role: MANAGER
Dec. 05, 2025 8:41:34 P.M. javafx.fxml.FXMLLoader$ValueElement processValue
WARNING: Loading FXML document with JavaFX API of version 24.0.1 by JavaFX runtime of version 17.0.14
Dec. 05, 2025 8:41:34 P.M. javafx.scene.CssStyleHelper calculateValue
WARNING: Could not resolve 'parent-width' while resolving lookups for '-fx-max-width' from inline style on Label@40465e4d[styleClass=label]'Administrator Interface (c) 2025 All Rights Reserved'
Dec. 05, 2025 8:41:34 P.M. javafx.scene.CssStyleHelper calculateValue
WARNING: Could not resolve 'parent-width' while resolving lookups for '-fx-max-width' from inline style on Label@40465e4d[styleClass=label]'Administrator Interface (c) 2025 All Rights Reserved'
Dec. 05, 2025 8:41:34 P.M. javafx.scene.CssStyleHelper calculateValue
WARNING: Could not resolve 'parent-width' while resolving lookups for '-fx-max-width' from inline style on Label@1ab178c9[styleClass=label]'Vladislav Zolotukhin - 170945224'
Dec. 05, 2025 8:41:34 P.M. javafx.scene.CssStyleHelper calculateValue
WARNING: Could not resolve 'parent-width' while resolving lookups for '-fx-max-width' from inline style on Label@40465e4d[styleClass=label]'Administrator Interface (c) 2025 All Rights Reserved'
Dec. 05, 2025 8:41:34 P.M. javafx.scene.CssStyleHelper calculateValue
WARNING: Could not resolve 'parent-width' while resolving lookups for '-fx-max-width' from inline style on Label@1ab178c9[styleClass=label]'Vladislav Zolotukhin - 170945224'
Dec. 05, 2025 8:41:47 P.M. ca.senecapolytechnic.application.apd545project.controllers.AdminController deactivateAdmin
INFO: Admin 'Bob' logged out and deactivated.
Dec. 05, 2025 8:41:47 P.M. ca.senecapolytechnic.application.apd545project.controllers.AdminController logOut
INFO: Admin logged out and session cleared
Dec. 05, 2025 8:41:47 P.M. javafx.fxml.FXMLLoader$ValueElement processValue
WARNING: Loading FXML document with JavaFX API of version 24.0.1 by JavaFX runtime of version 17.0.14
Dec. 05, 2025 8:41:47 P.M. javafx.scene.CssStyleHelper calculateValue
WARNING: Could not resolve 'parent-width' while resolving lookups for '-fx-max-width' from inline style on Label@7843fc8e[styleClass=label]'Welcome to the Come On Inn Hotel (c) 2025 All Rights Reserved'
Dec. 05, 2025 8:41:47 P.M. javafx.scene.CssStyleHelper calculateValue
WARNING: Could not resolve 'parent-width' while resolving lookups for '-fx-max-width' from inline style on Label@7843fc8e[styleClass=label]'Welcome to the Come On Inn Hotel (c) 2025 All Rights Reserved'
Dec. 05, 2025 8:41:47 P.M. javafx.scene.CssStyleHelper calculateValue
WARNING: Could not resolve 'parent-width' while resolving lookups for '-fx-max-width' from inline style on Label@7efcc89[styleClass=label]'Vladislav Zolotukhin - 170945224'
Dec. 05, 2025 8:41:47 P.M. javafx.scene.CssStyleHelper calculateValue
WARNING: Could not resolve 'parent-width' while resolving lookups for '-fx-max-width' from inline style on Label@7843fc8e[styleClass=label]'Welcome to the Come On Inn Hotel (c) 2025 All Rights Reserved'
Dec. 05, 2025 8:41:47 P.M. javafx.scene.CssStyleHelper calculateValue
WARNING: Could not resolve 'parent-width' while resolving lookups for '-fx-max-width' from inline style on Label@7efcc89[styleClass=label]'Vladislav Zolotukhin - 170945224'
Dec. 05, 2025 8:41:47 P.M. javafx.fxml.FXMLLoader$ValueElement processValue
WARNING: Loading FXML document with JavaFX API of version 24.0.1 by JavaFX runtime of version 17.0.14
Dec. 05, 2025 8:42:33 P.M. javafx.fxml.FXMLLoader$ValueElement processValue
WARNING: Loading FXML document with JavaFX API of version 24.0.1 by JavaFX runtime of version 17.0.14
Dec. 05, 2025 8:42:33 P.M. javafx.scene.CssStyleHelper calculateValue
WARNING: Could not resolve 'parent-width' while resolving lookups for '-fx-max-width' from inline style on Label@36da9b48[styleClass=label]'Guest Interface (c) 2025 All Rights Reserved'
Dec. 05, 2025 8:42:33 P.M. javafx.scene.CssStyleHelper calculateValue
WARNING: Could not resolve 'parent-width' while resolving lookups for '-fx-max-width' from inline style on Label@36da9b48[styleClass=label]'Guest Interface (c) 2025 All Rights Reserved'
Dec. 05, 2025 8:42:33 P.M. javafx.scene.CssStyleHelper calculateValue
WARNING: Could not resolve 'parent-width' while resolving lookups for '-fx-max-width' from inline style on Label@3692d57c[styleClass=label]'Vladislav Zolotukhin - 170945224'
Dec. 05, 2025 8:42:33 P.M. javafx.scene.CssStyleHelper calculateValue
WARNING: Could not resolve 'parent-width' while resolving lookups for '-fx-max-width' from inline style on Label@36da9b48[styleClass=label]'Guest Interface (c) 2025 All Rights Reserved'
Dec. 05, 2025 8:42:33 P.M. javafx.scene.CssStyleHelper calculateValue
WARNING: Could not resolve 'parent-width' while resolving lookups for '-fx-max-width' from inline style on Label@3692d57c[styleClass=label]'Vladislav Zolotukhin - 170945224'
Dec. 05, 2025 8:52:00 P.M. javafx.fxml.FXMLLoader$ValueElement processValue
WARNING: Loading FXML document with JavaFX API of version 24.0.1 by JavaFX runtime of version 17.0.14
Dec. 05, 2025 8:52:00 P.M. javafx.scene.CssStyleHelper calculateValue
WARNING: Could not resolve 'parent-width' while resolving lookups for '-fx-max-width' from inline style on Label@2efa8502[styleClass=label]'Welcome to the Come On Inn Hotel (c) 2025 All Rights Reserved'
Dec. 05, 2025 8:52:00 P.M. javafx.scene.CssStyleHelper calculateValue
WARNING: Could not resolve 'parent-width' while resolving lookups for '-fx-max-width' from inline style on Label@2efa8502[styleClass=label]'Welcome to the Come On Inn Hotel (c) 2025 All Rights Reserved'
Dec. 05, 2025 8:52:00 P.M. javafx.scene.CssStyleHelper calculateValue
WARNING: Could not resolve 'parent-width' while resolving lookups for '-fx-max-width' from inline style on Label@199a555a[styleClass=label]'Vladislav Zolotukhin - 170945224'
Dec. 05, 2025 8:52:00 P.M. javafx.scene.CssStyleHelper calculateValue
WARNING: Could not resolve 'parent-width' while resolving lookups for '-fx-max-width' from inline style on Label@2efa8502[styleClass=label]'Welcome to the Come On Inn Hotel (c) 2025 All Rights Reserved'
Dec. 05, 2025 8:52:00 P.M. javafx.scene.CssStyleHelper calculateValue
WARNING: Could not resolve 'parent-width' while resolving lookups for '-fx-max-width' from inline style on Label@199a555a[styleClass=label]'Vladislav Zolotukhin - 170945224'
Dec. 05, 2025 8:52:00 P.M. javafx.fxml.FXMLLoader$ValueElement processValue
WARNING: Loading FXML document with JavaFX API of version 24.0.1 by JavaFX runtime of version 17.0.14
Dec. 05, 2025 9:01:49 P.M. javafx.fxml.FXMLLoader$ValueElement processValue
WARNING: Loading FXML document with JavaFX API of version 24.0.1 by JavaFX runtime of version 17.0.14
Dec. 05, 2025 9:01:49 P.M. javafx.scene.CssStyleHelper calculateValue
WARNING: Could not resolve 'parent-width' while resolving lookups for '-fx-max-width' from inline style on Label@648697b0[styleClass=label]'Guest Interface (c) 2025 All Rights Reserved'
Dec. 05, 2025 9:01:49 P.M. javafx.scene.CssStyleHelper calculateValue
WARNING: Could not resolve 'parent-width' while resolving lookups for '-fx-max-width' from inline style on Label@648697b0[styleClass=label]'Guest Interface (c) 2025 All Rights Reserved'
Dec. 05, 2025 9:01:49 P.M. javafx.scene.CssStyleHelper calculateValue
WARNING: Could not resolve 'parent-width' while resolving lookups for '-fx-max-width' from inline style on Label@70559d63[styleClass=label]'Vladislav Zolotukhin - 170945224'
Dec. 05, 2025 9:01:49 P.M. javafx.scene.CssStyleHelper calculateValue
WARNING: Could not resolve 'parent-width' while resolving lookups for '-fx-max-width' from inline style on Label@648697b0[styleClass=label]'Guest Interface (c) 2025 All Rights Reserved'
Dec. 05, 2025 9:01:49 P.M. javafx.scene.CssStyleHelper calculateValue
WARNING: Could not resolve 'parent-width' while resolving lookups for '-fx-max-width' from inline style on Label@70559d63[styleClass=label]'Vladislav Zolotukhin - 170945224'
Dec. 05, 2025 9:01:53 P.M. javafx.fxml.FXMLLoader$ValueElement processValue
WARNING: Loading FXML document with JavaFX API of version 24.0.1 by JavaFX runtime of version 17.0.14
Dec. 05, 2025 9:01:54 P.M. javafx.scene.CssStyleHelper calculateValue
WARNING: Could not resolve 'parent-width' while resolving lookups for '-fx-max-width' from inline style on Label@743110f3[styleClass=label]'Welcome to the Come On Inn Hotel (c) 2025 All Rights Reserved'
Dec. 05, 2025 9:01:54 P.M. javafx.scene.CssStyleHelper calculateValue
WARNING: Could not resolve 'parent-width' while resolving lookups for '-fx-max-width' from inline style on Label@743110f3[styleClass=label]'Welcome to the Come On Inn Hotel (c) 2025 All Rights Reserved'
Dec. 05, 2025 9:01:54 P.M. javafx.scene.CssStyleHelper calculateValue
WARNING: Could not resolve 'parent-width' while resolving lookups for '-fx-max-width' from inline style on Label@fce44a[styleClass=label]'Vladislav Zolotukhin - 170945224'
Dec. 05, 2025 9:01:54 P.M. javafx.scene.CssStyleHelper calculateValue
WARNING: Could not resolve 'parent-width' while resolving lookups for '-fx-max-width' from inline style on Label@743110f3[styleClass=label]'Welcome to the Come On Inn Hotel (c) 2025 All Rights Reserved'
Dec. 05, 2025 9:01:54 P.M. javafx.scene.CssStyleHelper calculateValue
WARNING: Could not resolve 'parent-width' while resolving lookups for '-fx-max-width' from inline style on Label@fce44a[styleClass=label]'Vladislav Zolotukhin - 170945224'
Dec. 05, 2025 9:01:56 P.M. javafx.fxml.FXMLLoader$ValueElement processValue
WARNING: Loading FXML document with JavaFX API of version 24.0.1 by JavaFX runtime of version 17.0.14
Dec. 05, 2025 9:02:03 P.M. ca.senecapolytechnic.application.apd545project.controllers.LoginController activateAdmin
INFO: Logged in as: admin
Dec. 05, 2025 9:02:03 P.M. ca.senecapolytechnic.application.apd545project.controllers.LoginController activateAdmin
INFO: Role: ADMIN
Dec. 05, 2025 9:02:03 P.M. javafx.fxml.FXMLLoader$ValueElement processValue
WARNING: Loading FXML document with JavaFX API of version 24.0.1 by JavaFX runtime of version 17.0.14
Dec. 05, 2025 9:02:04 P.M. javafx.scene.CssStyleHelper calculateValue
WARNING: Could not resolve 'parent-width' while resolving lookups for '-fx-max-width' from inline style on Label@4ea252ff[styleClass=label]'Administrator Interface (c) 2025 All Rights Reserved'
Dec. 05, 2025 9:02:04 P.M. javafx.scene.CssStyleHelper calculateValue
WARNING: Could not resolve 'parent-width' while resolving lookups for '-fx-max-width' from inline style on Label@4ea252ff[styleClass=label]'Administrator Interface (c) 2025 All Rights Reserved'
Dec. 05, 2025 9:02:04 P.M. javafx.scene.CssStyleHelper calculateValue
WARNING: Could not resolve 'parent-width' while resolving lookups for '-fx-max-width' from inline style on Label@5fe4e6e7[styleClass=label]'Vladislav Zolotukhin - 170945224'
Dec. 05, 2025 9:02:04 P.M. javafx.scene.CssStyleHelper calculateValue
WARNING: Could not resolve 'parent-width' while resolving lookups for '-fx-max-width' from inline style on Label@4ea252ff[styleClass=label]'Administrator Interface (c) 2025 All Rights Reserved'
Dec. 05, 2025 9:02:04 P.M. javafx.scene.CssStyleHelper calculateValue
WARNING: Could not resolve 'parent-width' while resolving lookups for '-fx-max-width' from inline style on Label@5fe4e6e7[styleClass=label]'Vladislav Zolotukhin - 170945224'
